1,0,0えっ凄っ絶対に買う
0,1,0から0にするのってホント大変自分の夢を実現させる努力すごい
1,1,0ヶ月でも休んでくれてよかったくらいすごいことしててほんと尊敬する
1,0,0円くらいなら買ってた
1,1,0円に値下げしろ
1,1,0円本当にいつでも誰でも食べたいときに食べられる価格設定で泣ける
1,0,0回食ってみよ
1,1,0月0日なのに店に並んでて買って食べてみましたとてもおいしかったです
1,1,0月0日の日セブンイレブン行かねば
1,1,0月0日絶対見つけたら絶対買いに行く
1,1,0月0日孫とパパは0の店を探し回りましたしかしみそキンラーメンはありませんでした販売は終了したんと違うかなとパパの言葉ラーメンはもう食べれないのでしょうか
1,1,0個ずつ買いたいなぁー
1,1,0再販
0,1,0時間で0万再生に迫るのはさすがすぎる
0,1,0時間で0万再生やはりyoutubeの王だったか
0,1,0時間で0万再生超とはどれだけヒカ様の復活を心待ちにしてる人が多いか分かる
0,1,0時間以内で急上昇ランク0位になったのがやばい
1,1,0人の人間がこうやって死ぬ気で頑張っているのを見てるともはや伝記に見えてくるこの方は本当に澄んだ晴れた心を持っていると思う
0,0,0点じゃないんかい
0,1,0日か0日にって言っていてしっかり0日にあげてくれるところが本当流石すぎる
1,1,0日たった今でも急上昇入ってんの凄すぎ
0,1,0日で0万回再生以上いけんの凄い
1,1,0日まで待ちきれない私もラーメン大好きです本当にすごい行動力だよhikakinさんおめでとう
0,1,0日前で0万回再生えぐすぎだろ世界のhikakin
1,1,0年0月0年0月0日ぐらいに0年後経ってヒカキンさんの味の確認してスープの味に決まりました
1,1,0年がかりでの商品化は気合いが入ってますね食堂ミサの味噌ラーメンが原点の味ということで私もミサの味噌ラーメンは大好きなので味には期待できます早く食べてみたい
0,1,0年かん両立しとるのすごすぎます
0,1,0年になっても見てるやついる
1,1,0年ほど見続けていたのですが初めてコメントしますヒカキンさんがラーメンを作ったという報告が何故かめちゃくちゃ嬉しくて幸せで発売日に絶対食べたいです幸せそうに食べるヒカキンさんを見て笑いながら泣きそうでした
1,1,0年もかけて研究されたラーメンを0円で味わえるってめっちゃお得だなぁ
1,1,0年間かけたラーメン絶対買いに行きます楽しみです
0,1,0年間やってて初めての休みきっといいご報告だと思うまじ楽しみ
1,1,0年間大好きなものに熱中して本気でできるの本当に尊敬
0,1,0年振りくらいにhikakintv開いたけどオープニングが全く変わってなくてなんか安心したいつでも帰ってきていいっていう安心感ある
0,1,0年前からbgmも変わってない純粋にビロガーで商品紹介をしてたヒカキンと何も変わってない最高なyoutuberだわ
1,1,0発売なのに0製造終了完売とセブンの店員に言われました
0,1,0番びっくりしたのがhikakin様の書道が想像以上に上手かったこと
0,1,0番奥村康平ヒカキンさんどうも康平ちゃんねるの奥村康平ですで休日の土日のお昼にスガキヤに外食して下さい
0,0,0秒のヒカキン
1,1,0品目はノリが完全に某j熱大陸みたいで面白い脳内で葉加瀬太郎のバイオリンが聞こえてくる笑これで0分やって欲しかった
0,1,0分ぐらいのいい感じの曲は心響shionです
1,1,0万なんて売上だけですぐ回収できるのよhikakinはだから大したことない
1,1,0万円てぼったくられてるよ
1,1,0万個は売れるだろうねってなるといくらの儲けなんだろヒカキンに0億くらいは入ってくるのか
1,1,0万食は確定してるな
1,1,g明けに発売してくれるから連休明けのショックを和らげてくれているね
1,1,hikakinpremium立ち上げおめでとうございますヒカキンさんの夢が叶ったこだわりのラーメン楽しみです
1,1,hikakinが0年かけて編み出したラーメンが上手くないわけがない絶対に速攻出たら買いに行く
0,1,hikakinから溢れ出る優しさに泪がでる
0,1,hikakinが休んでいい日にち
0,1,hikakinが生きてる時代に生まれてこれて良かった
1,1,hikakinさん0週間を準備に費やしたならあともう一週間休んでから再開すればよかったのにマメな人だなぁ買ってみたい
1,1,hikakinさんありがとうごさいますみんなのために頑張って作ってくれてありがとうごさいますもう美味しく食べました普通のみそラーメンとは違ってすごく美味しかったですさすがhikakinさん私がコンビニに行ったらアイス売り場からトイレの所まで行列がありましたこの前は一瞬で売れて0個も買えなかったですでもこの前はしんせきが0つ譲ってくれました譲ってもらいましたそれで嬉しくてうちの犬を抱っこして踊りましたこれからも応援しています頑張ってください⌒0⌒
1,1,hikakinさんおめでとうラーメン絶対買うわ
1,1,hikakinさんが監修したやつなのかなすげぇ
1,1,hikakinさんが嬉しそうに楽しそうにしてて元気でるなーアレルギークリアしてたら買って食べます無理だったら誰かにプレゼントします
0,1,hikakinさんが休止したと聞いてどうしたのだろうかと見に来たけどいつ見ても安心するすごいhikakinさんで安心した
0,1,hikakinさんが幸せなことならこっちも嬉しい気分になれる
1,1,hikakinさんが作ったラーメンなんだから絶対美味いに決まってる絶対に買います
1,1,hikakinさんが美味しく食べてるのを見ると発売が待ち遠しいし早く食べてみたいー
0,1,hikakinさんこんなに有名になったんだもう尊敬
0,1,hikakinさんすごいこれからも頑張ってください
1,0,hikakinさんセブンイレブンなかった
1,1,hikakinさんってなんでこんなに私利私欲みたいなのを感じないんだろうみんなを笑顔にしたいっていう思いですごくすごくこだわって作ったのが伝わってきてなんか泣きそうになっちゃった
0,1,hikakinさんって本当にかっこいい一生尊敬できる
1,1,hikakinさんにほんとに元気貰ってますし尊敬してます0ヶ月入院してて大変ですが退院したら絶対食べますψ
1,1,hikakinさんのお陰で夢って叶うんだなーって本気で思った何かが好きなだけでこんなに頑張れるんだねまじで勇気というか希望というか貰った気がするやっぱりyoutuberの中で0番尊敬してるし0番大好きだなー‪••
1,1,hikakinさんのラーメンに対する本気が伝わりました発売が本当に楽しみです
1,1,hikakinさんの一生懸命作ったラーメン食べてみたい
1,1,hikakinさんの血のにじむような努力が伝わってきますわ
0,1,hikakinさんの元気が出て嬉しく思います
1,1,hikakinさんの作られたラーメン美味しそうで食べたいなと思いました
1,1,hikakinさんの作るご飯食べてみたかったんですめちゃくちゃ嬉しいですhikakinさんの夢が叶って良かったです
1,1,hikakinさんの真剣さがこっちにまで伝わってきて感動しました元スーパー店員で僕の人生の諦めない部分をhikakinさんが救ってくれましたありがとうございます
1,1,hikakinさんの投稿全然見ないんだけどヨダレ出そうになっためっちゃ美味しそう遅
1,1,hikakinさんは安心して一生推せる発売が楽しみ
1,1,hikakinさんは神なんなら仏の域にまで達してるただ普通に頑張っただけじゃあんまり夢って叶えられる物じゃないと思うからhikakinさんはものすごい努力の上にこの夢を実現してるんだと思う
0,1,hikakinさんは本当に凄い人なんよ
0,1,hikakinさんみたいな色んなことに夢を見てチャレンジできる人になりたいと思った
0,1,hikakinさん花月嵐ラーメン屋に行ってくださいお願いします
0,1,hikakinさん頑張ったな
0,1,hikakinさん私に希望を与えてくれてありがとうございます私も頑張ります
1,1,hikakinさん醤油味も作ってくださいお願いします
1,1,hikakinさん売り切れてました食べてみたいので再販お願いいたします笑
0,1,hikakinさん忙しい中でも本当に好きなことして生きてる感じがしてすごくいい
1,1,hikakinずっと大好きだから絶対食べます
0,1,hikakinってたまに見るとほのぼのしてふふってなれるなんか疲れてたけど少し心穏やかになれたhikakinありがとう
0,1,hikakinってほんとすげーわまじで尊敬
1,1,hikakinの凄い所はラーメンとカップ飯を両方しっかり食べてるところ
0,1,hikakinの夢が叶うのならいくらでも休んでいいのよ
0,1,hikakinの夢が叶って本当に良かった
0,1,hikakinの夢って俺らに想像できんよなどんな凄い事なんやろ本当に楽しみすぎる
0,1,hikakinまじでかっこいいよ夢を叶えていくその姿尊敬
0,1,hikakin自分で自分を超えちゃったかな
1,1,hikakin味噌ラーメン作ってくれてありがと
0,1,hikakin様最高
1,1,jalの機内食にしておいしい
1,1,oロo0わぉ0月0日の発売日私の誕生日だわセブンに買いに行きますね
0,1,pvのあとの真顔おもろ
0,1,seikinと仲良い兄弟って感じがほっこりする素敵
0,0,trendhikakinpoint久しぶりに聞いた
0,0,youareamazingcan'taittotryyourramenintheus
0,1,youtubecreaternamastejapan
1,1,youtuberが知名度を使ってアパレルとかは聞くけどラーメンとかまじで角度違ってまじで逸材なのを知らせてくれるわほんとすげえ尊敬しかねえ
0,1,youtuberのプレゼント企画は税金対策だよな
0,0,youtuberの師匠って感じです
1,1,youtubeでもラーメンでも成功するってヒカキンさん凄すぎ
1,1,youtubeもやってて忙しいはずなのに0年くらい努力してんのはすごいなと思った必ず食べます
1,1,youtubeやりながら0年これを作れたのはすごいと思う
1,1,youtube活動だけでも忙しいのに他の夢も叶える事が出来るヒカキンさん凄いです
0,1,youtube続けながらもこれを着と進めていたと考えると本当にすごい
1,1,youtube黎明期から変わらない安心感のあるコンテンツを続けているhikakinさんに拍手を送ります夢の取っ掛かりがかなったのでこの夢を更に大きくしていってくださいいつまでも応援してます
0,0,あ
0,0,あ
0,0,あいたいな
0,0,あさってやん
0,0,あしたからだ楽しみ
0,1,あそひかりラーメン作りたいです
1,1,あたしもラーメンは大好きです楽しみにしてます
0,1,あとコーラも大好きだね
0,1,あと少しで再発売されるから見に来た人
1,1,あのラーメン作るのはいいんですけどちゃんと休んでくれませんか応援してます早くラーメン食べたいです
1,1,あのラ王より高いのはびっくりだけど0円なら全然食べたい
0,1,あまりにも本気すぎて勝手に感動した
0,1,あらたなレさキャラの誕生
0,0,ありがとうございます
0,0,ありがとうございます
1,1,ありがとう感動をラーメンをhikakinさんが創るラーメンやその他の料理はどのインスタントよりも美味しそう
0,1,あれこれご報告のサムネがちがうは
1,1,アレルギーがあるから食べられない
1,1,アレルギーの関係で小麦がたくさん食べれないのでメシ版が凄く嬉しい味噌大好きです絶対食べます
1,1,アンタ味見してるだけやん
1,0,あんなしっかりもやし入ってることあるんや
0,0,いいですね
1,1,いいなー食べたいけど海外にいるから食べれない
1,1,いいねしてくれたぶん買います
0,1,いいねの数×0個買うわ絶対いいね来ないだろうし笑
0,1,いいねの数だけ0万スパチャ送ります
0,1,いいねの数だけそれぞれ買います
0,1,いいねの数だけそれ買います
0,1,いいねの数だけ買います
0,1,いいねの数だけ買います
0,1,いい歳したおっさんがこれレジ持ってきたら笑うわ
0,1,いい報告であってほしい
1,1,いくら企画とはいえしっかり色と研究して自分なりのラーメン作ってるのがすごい尊敬するわ
0,0,いただきやす◎
0,0,いつかラーメン屋さん作りそう
1,0,いっそのことラーメン店作りそう
0,1,いつでも好きな事に全力なヒカキンさんやっぱり好きだなぁ
0,1,いつでも視聴者のこと考えていて本当にすごいと思う
0,0,いつまで活動休止するの
0,1,いつもはhikakin面白いなぁって感じで見てたけど今回のhikakinはカッコイイやっぱり夢を実現できる人はカッコイイです
1,1,いやー他のユーチューバーと違って金持ちしか手が出せない高い洋服とか出すよりこーやって誰もが買えて一回は食べてみたいと思うラーメンとか出すの良いね
1,1,いやすごすぎるわyoutube活動だけでも忙しすぎるのにその合間を縫って自分の夢を叶える活動をするなんて
1,0,いよいよ明日かホント楽しみ
0,0,いらねぇー
0,0,いらん
1,1,いろんなセブン行ったけど全部売り切れだった
1,1,いろんな意見があると思うけど自分はヒカキンさんが心を込めて作ったんだって信じてる
1,1,インスタで見ましたラーメンとカップ飯絶対食べますψ
1,1,うぅえーんアタチも食べたい
1,1,うっわめっちゃ美味しそ絶対ラーメンとカップ飯買うわ
1,1,うへへ0円広いやしたラーメン0杯いただきやす◎
1,1,うへへ0円拾いやしたラーメン三杯いただきやす◎
1,0,うまかったぁ
1,0,うまそ
1,0,うまそ
1,0,うまそう
1,0,うまそう
1,0,うまそうだけどちょっと高そう
1,1,うまそうだけど糖尿だからしばらく食えんごめんなヒカキン
1,0,うまそー
1,0,うまちょ
1,1,うわぁあすごいよかったね絶対食べる夢に向かって全力で頑張る姿心から尊敬します
0,1,うわあすごく感動してなんかうるうるしましたこんなに頑張ってる人がいるから私も頑張らなきゃなって思います
1,0,うわわ美味しそうすぎる絶対買う
0,1,うんoemかまぁたべてみるよ
0,1,うん神だね
1,1,ええすごい買いに行くーおめでとうございます
1,1,えーすご自作やば
1,1,えぐぅやっぱりヒカキンってすごい権力持ってるよねー絶対買うわ神ー
0,1,えスゴすぎるほんとに尊敬しますこれからも頑張ってくださいでも体調には気おつけてください何時でも応援してます
1,1,エビとかカニを入れずにアレルギーの人でもなるべく楽しめるように作ってるの好き
1,1,おいしいかどうこうじゃなくてhikakinのラーメンってだけでたべてみたいよな
1,0,おいしかった
1,1,おいしかったけど味噌の甘みに人工甘味料使うのはマイナス
1,0,おいしかったよ
1,0,おいしくなかったくない
1,0,おいしそう
1,0,おいしそう
1,0,おいしそうすぎる
1,0,おい休めよラーメンは食っとくから
0,0,おうちない
0,0,おーい
1,1,おー買います
0,1,おかんがラーメン出すかなんかの商品ちゃうん言うてたんマジで当たってんやけど笑
1,1,おこぷれで知りました美味しそうなので絶対食べます
0,0,おっきくなったね
0,0,おめでとう
0,0,おめでとう
0,0,おめでとうございます
0,0,おめでとうございます
0,0,おめでとうございます
1,1,おめでとうございます0年間も私達の事も考え食べやすく美味しそうなラーメンを作って頂きこちらも凄く嬉しいです0月0日が凄く待ちどうしいです‪̖́
1,1,おめでとうございますかならず買いに行きま
1,1,おめでとうございますセブンでかえるの有り難い元気がない時に私もヒカキンラーメンでパワーもらいます✾
1,0,おめでとうございますたくさんたくさん売れますように
1,1,おめでとうございますとても美味しそうでアメリカでも買えたら嬉しい大ヒット商品になって海外進出もできますように
1,1,おめでとうございますとても美味しそうなラーメンですね早く食べてみたいです
1,1,おめでとうございますヒカキンさんの熱い想いがめちゃくちゃ伝わってきて感動しましたセブンさんに並ぶのを楽しみにしています
1,1,おめでとうございますまさかの誕生日に発売絶対買います早く食べたいです
1,1,おめでとうございます海外にいるので今直ぐ食べれませんが帰国したら食べたいですどんな味か楽しみ
1,1,おめでとうございます楽しみです絶対に食べます
1,1,おめでとうございます私もラーメン大好きなので楽しみ過ぎます
1,1,おめでとうございます絶対に買って食べたいと思います本当に美味しそう急上昇ランキング0位素晴らしいです
0,1,おめでとうございます全然関係ないけどサービス終了が決まったアプリゲームをサ終取り消させてみたみたいなの出来たら見てみたいですガンダムブレイカーモバイルとか
1,0,おめでとうミソきん
0,1,お休み頂いてありがとうございますって上の立場になったにも関わらずほんと謙虚だよね尊敬する
1,1,お金を考えないで自分がしたいことできるのは努力の賜物だな
1,1,お金持ち始める献呈的な人調子にのりすぎだわでも売れるといいですね
0,1,お身体に気をつけてくださいね次はほんとに0ヶ月くらいお休み取ってくださっていいんですよー
1,1,お店に行かなきゃネットで会員にならなきゃとかではなくて普通にコンビニで帰るのが本当に素晴らしい何より本人が楽しんでるのが最高必ず買いに行きまーす発売日に行くつもりだけど買えるかなーすっごく楽しみですヒカキンおめでとう
1,1,お店に行かなきゃ食べれないとかじゃなくてコンビニで買えるっていうのに優しさ感じる
1,1,お店を出すのではなく全国民が気軽に手に出来るようにセブンで販売するところがヒカキンらしくて心暖まるね夢に向かって努力して実現したヒカキンを誇らしく尊敬する
1,1,お疲れさまですヒカ様の努力と笑顔が多くの人の心に自然と入って来るのがヒカ様おめでとう御座います喜んで買わせて頂き応援していきたいと思いますヒカ様の声が笑顔が私達の元気の素です本当にありがとう
0,1,お母さんがかってくれました
1,0,かいました
1,0,かいました
1,1,かうと思った人
1,0,ガチこれ美味すぎ
0,0,かっこいい
0,0,かっこよすぎる
1,1,カッコよすぎる絶対に買います味噌ラーメン好きなので早く食べたいです
1,0,ガツッとくるカップ飯楽しみ
0,1,カップの中に箸差しっぱなしなの嫌だ
1,1,カップメシの方0食目からはチーズ入れて食べてみたい
1,1,カップ飯も出してくれるところが最高
1,1,カップ飯大好きなので凄く楽しみです発売日にセブン直行します
1,1,カップ飯派でしたどっちも美味しかったです勺
0,1,キター゚゚ーやっぱりヒカキンさんが0番だよねどんなご報告なのか気になるけどファンの皆さんには喜んでいただけるって言ってたから楽しみだなぁ
1,1,きっと想像を絶する苦労をたくさんしてきている中で本当にラーメンに救われて心からラーメンが好きなんだろうなとひしひし伝わるその思いは決して軽いものではないのにみんなが元気になれるようにって誰でも手に取れるような値段と店舗展開でみんなに共有してくれて聖人すぎる
1,1,キン兄弟がラーメン大好きなのをずっと見てきたからこれほど信頼における商品はないと思ってます絶対食べたい争奪戦になりそうなのでゆっくり手に入れますね笑一つ夢を叶えること本当に素晴らしいし勇気をもらえますおめでとうございます
1,1,くそー食べたいのに近くにセブンがないあったとしても二時間かかる
0,0,ください
1,1,グッズじゃなくて自分自身のラーメンを出すなんて凄いです
1,1,グッズ系じゃなくてラーメンメインなのが個人的に嬉しい
1,0,くっそ美味そう
0,0,グットボタンおしてね
1,1,くるりインスパイア系なのかな
0,1,くるりと蒙古タンメンに謝った方がいいよ
1,1,くるりのラーメン好きってずっと言ってたもんね
1,1,ケースで予約しました来るの楽しみ食べるの楽しみ
0,0,けんからか
0,1,こういう時のhikakinあるある→ファンが心配するような事じゃなくてむしろ応援するようなことしかない
1,1,こういう有名人が関わる商品って大体ちょっと口出すくらいで後は全部任せるって感じの印象だったけどヒカキンはめちゃくちゃ従事しててやっぱこの人違うなって思ったわ
0,1,こうやってがんばってるヒカキン見てると自分も諦めないでがんばるぞって思う
0,1,こうやって夢叶えちゃうからhikakinはすごいよ
1,1,こうゆう有名人の商品ってぼったくり多いけどヒカキンさんはちゃんと商品として出すのは尊敬
0,1,ここまで人が良いと過去にどんな重罪を犯していたとしてももうなんでも良い許される
0,1,こだわってる理由がもし上辺だけだったとしてもやさしすぎる
1,1,こだわるなら人工甘味料とか使わないで欲しかった
1,1,こっちまで嬉しくなるわぁ絶対買うてかセブンで売ってるのすご
0,1,このコメント残念だわまずそうとか言ってる奴は絶対買うなよヒカキンさんの努力の何も知らない奴が語ってんじゃねーよ
1,1,このラーメンを同じように元気が無い時腹ペコの時ヒカキンさんの話を思い出しながら食べたいと思いますインフルエンサーの方で夢を叶えたと聞いてこんなに本当に良かったここまで長い道のり努力と信念つらぬいたんだなって感動したのは初めてかもです
1,1,このラーメン好きアピールがしたいから何ヵ月前からラーメン旅とか始めたのかな
1,1,このラーメン食べるために一日頑張れる日が自分にもあるんだろうなと思うと嬉しいどうにか生きてる自分でもギリカップ麺に出せる値段で嬉しい
0,1,この機会で思ったけどヒカキンさんが存在してないどyoutubeがつまらなくなったヒカキンさんが活動休止してから少し寂しく感じた事があった私はヒカキンさんを0年前くらいからしか見てないけど本当にいい人なのは分かる誰よりも長生きして欲しいヒカキンさんにどれだけ救われたか本当にありがとうございます
1,1,この人がちでまじもんなんて言うんだろうここまで誠実で真実で素直な人見たことないんだよねヒカキンさんを見てると大人って素敵だよな捨てたもんじゃないって思える
1,1,この人のこだわりましたほど説得力のあるものは無いよねめちゃくちゃ楽しみ
0,1,この人はすごい
0,1,この人はたった一週間の休みのために盛大にみんなのことを考えてるんだなこの人こそ本物の聖人だ
0,1,この人はどこまで素晴らしいんだ
0,1,この人はマジで凄すぎるよ
1,1,この人は周りからすると小さな事に見えることも好きな事に諦めず取り組み続けてこうした結果を残せているから尊敬します希望の星です
0,1,この人ほど純粋な人おらんと思う
1,0,この調子でしょゆきんとしおきんととんこつきんもだしてくれ
0,1,この努力は絶対報われるファイト
0,1,この度わたくしヒカキン眼鏡を新調しました
1,1,この量で0円オーバーは高すぎだろ
0,1,コメントの数だけ買う
0,1,コメ欄に既に食べた未来人いて草
1,1,これあれだねスーパーでも発売して欲しいくらい食べたいです僕も小さい時から0年生まれなんですけど味噌ラーメンが大好きで近くに札幌ラーメンがあって毎日のように言っていますそれぐらい味噌ラーメンが大好きです
0,1,これがヒカキンがの視聴者側へのドッキリだとしたらマジで笑える
1,1,これからこちらの新商品のpop作りをさせていただきますセブンイレブン社員です売り切れそうわたしも食べます
0,1,これからも夢を叶えて夢を俺たちに見せてくれ
0,1,これが自分の誕生日に発表されて嬉しい
0,1,これが洗脳か
1,1,これが全国のセブンイレブンに並ぶのはこちらとしてもすごく嬉しい
0,0,これくらいやろ笑
1,1,これこそホントのyoutuberだと思います誰かのことを取り上げるわけでもなく自分の夢をちゃんと実行して視聴者にお届けする素晴らしいですhikakin
0,1,これこそ好きなことで生きていく
1,1,これだけの成功を収めているのにまだ夢を追う姿勢が好きです
1,1,これだけの熱量で作ったラーメン絶対おいしい
0,1,これだけ影響力ある人は何を発売してもすぐ大好評になりそう
1,1,これだけ魂込めて完成させたラーメン本当に凄いです発売日に近所のセブンイレブンにも並ぶかな田舎だから地域差ありそうですよね見付けたら絶対食べます楽しみです
1,1,これだけ成功してても夢に向かって走り続けて実現させるとかカッコ良すぎる一人の人間として尊敬
1,1,これだけ夢を叶えた人なのにまだ叶えたい夢があったなんて凄すぎる
1,0,これって期間限定
0,1,これにファイヤー流してほしい
0,1,これに救われ励まされた人間がまた新たな物語を紡ぎ出す
1,1,これはこれは努力の結晶でしかないですねぜひ見かけた際は食べて見ます
1,1,これはさすがに食べたい
1,1,コレは一度は食べたくなる
1,1,これは招き猫キンがでるまで食べたいと思います自分もラーメン大好きなので
1,0,これは食いたい
1,0,これは絶対買う
1,1,これは絶対買って食べますラーメンは本当に食べると幸せになりますよね
1,0,これは絶対美味い
1,1,これは売り切れで買えなくなるないつ食べれんのか
1,1,これは売り切れなるだろうなー買いたい名言食べ終わったら容器は綺麗に保存だほんと美味しそうで
1,1,これは売れる口角が上がる感覚わかりますさっそく0日からセブン見てきます
1,1,これは売れる未来しか見えませんね絶対買います
0,1,これは普通に感動したわ
1,0,これほんとに美味かった
1,0,これみながら食いたい
0,1,これもいわゆるyoutube界の既得権益だな
0,1,これを見ながらカレーメシを食う
1,1,これ見たらヒカキンがどれだけラーメンを愛し夢に本気だったか分かる素直におめでとう
0,1,これ見て泣いた人いない説明すると長いけどすご心打たれた
0,1,これ作る為に0年の新曲出さなかった説
1,1,これ辛いの麻婆豆腐しか食ったことのない中学生でもくえますか
1,1,こんなに楽しみな発表なかなかないから嬉しい絶対食べますこの勢いでラーメン屋さんも作ってください
1,1,こんなに頑張って作ったら買うしかないよね
0,1,こんなに成功してもちゃんと辿ってきたことを忘れてないところがとても好きです
1,1,こんなに本気で食べたいと思うプロモーション初めて
1,1,こんなに有名になってもまだまだ夢に向かって努力するヒカキン素敵すぎる
1,0,こんなん買うしか無いやん
1,1,こんな期待したラーメンねえよ
1,1,こんな休みのない多忙の中でラーメンの商品作りも進めてたの凄すぎでしょ絶対食べます
0,1,こんな時間に見ちゃったからお腹すいた
0,1,こんな素敵な人本当に居ないしもうほんと大好き頑張ってほしい
1,1,こんな美味しそうなのコンビニで買えちゃうのすごい早く食べたい
1,1,こんばんは今セブンイレブン行ったら店員さんが並べててさっそく買って食べましためっちゃ美味しかったです
1,1,コンビニでかえるのうれしいよありがとうヒカキンカッコイイだいすきたべたらいれものかざっとくよ
1,1,コンビニで見かけたら絶対買うしかない
1,1,コンビニで買えるのが嬉しいです夢を叶えるってすごいです
1,1,コンビニで買えるのはいいですね
1,1,コンビニで買えるのは嬉しいヒカキンさんの本気のラーメン絶対食べる
1,1,コンビニで売ってくれるのはありがたい味噌ラーメン普段食べんけどhikakinさんのラーメン食べてみたいと思いましたこれからもずっと応援しますがんばってください
1,1,コンビニ行ったら0日早く売ってました美味かった
0,1,ご報告系youtuber最近腐るほどいるけどやっぱプロyoutuberのご報告の内容は訳が違う
0,1,さきないとさんコメントきましたありがとうございますきました
1,1,さっきコンビニ行ったら発売前なのに売ってたから四個ずつ買ってきた食べるの楽しみ
1,0,さっき買ってきたよー
1,1,サッポロ一番の旨さが再認識できた
0,1,サムネが変わっておる
0,0,サムネめっちゃいい
0,1,サムネ変えたか笑
0,1,サムネ変えるところとかさすがだなと思う常youtubeのご報告サムネには嫌気がしているので発売まであと0日たのしみー
0,0,サムネ変わった
0,0,サムネ変わってる
1,1,さんびゃくえんたかすぎだろ
0,0,しおキン
1,0,しおきんお願いします
1,0,しおきんきそう
1,1,しおきんとしょうゆきんも食べたい
1,1,しおきんもほしいなんにせよおめでとうございます
0,1,ジジキンは天国で笑ってるヒカキンのゆめが叶ったから
1,1,じゃあ次は卵とネギを使ったラーメンを作ってください
0,1,しょうもないって言われても夢を叶えられることはすげーよ
0,1,しょうもないとか言ってる奴ら人の夢を0文字で片付けるなよhikakin本当におめでとうこれからも一生ついていくわ
0,1,しょうもなってコメントちょくちょくあるけどこれのどこがしょうもないのか説明して欲しい笑笑
0,1,しょうもなって言ってるやついるけどどこが
0,1,しょうもなって言ってる奴お前らが高く見すぎただけやろ本当にhikakinさんおめでとう
1,1,しょうゆきん作れ
1,1,しょうゆラーメンが美味しすぎて味噌ラーメン食べたことないのに凄く美味しそうこれは買いだな
0,1,しょーもな
0,1,しょーもなとか言ってる人人の夢をそう思うことがしょーもないと思うよ
0,1,シンプルになんか感動した笑やっぱヒカキンってすごいな
1,0,シンプルにバカ美味そう
0,1,シンプルに凄い本当に頑張ったんだなって尊敬できますね
1,1,スーパーで商品を並ばせる側だったのが並ぶ側になったのが凄すぎる
0,1,スーパー兄弟地元の人も嬉しいし誉ほまれだよね
0,0,スーパー美味いって
1,0,スープうまかったで
1,1,スープと麺が美味しかった今からまた買いにいきます
1,1,スープばり美味かったし麺もボリューム感じれてすすりやすいしバカ美味かったよ他にどれだけ批評されてても俺のコメントが全てやから大丈夫やぞhikakinさんバカ美味かったよ
0,0,すき
1,1,すぐ完売しちゃいそういつ食べれるかわからないけどめっちゃ楽しみです
1,1,すげぇなぁやっぱ出来る人は何に手を出してもやり遂げるんだなぁ
0,1,すげぇよヒカキンさんそしておめでとうこれからも応援しています
1,1,すごいおめでとうございますセブン行けた時にあるといいな
1,1,すごいおめでとうございます絶対買って食べる美味しそうかっこいい大好き
1,1,すごい興味あるラーメン0年間とは凄いですねでもほんとに何もしない期間を作って欲しいです
1,1,すごく食べてみたくなりました見かけたら絶対に買って食べます
1,1,すごすぎる夢を叶えていくのすごいよo̤◦o̤発売されたら絶対食べる人気すぎてすぐ無くなりそうで怖い
0,0,すするやん
0,0,スター気取り
0,1,すっげって漏れた本当に尊敬できる人物です
0,1,ずっとドキドキして待ってましたヒカキンさんの夢が叶うのなら心から応援したいです
1,1,ずっと商品紹介してとうとう自分の商品ができたんですねおめでとうございますセブンのオーナーなのでたくさん発注しますね
0,1,ずっと夢を持ち続けるって事がすごい普通は一つの事で満足しちゃいそう
0,1,ずっと夢を追い続ける姿痺れます
1,0,すてき食べたい
0,1,ストーリーマーケの事例として勉強になる
0,1,セイキンさんおすすめシールを貼って発売してほしい
0,0,セイキンヒヤシチュウカ
1,0,ぜったいうまい
0,0,ぜったい買う人
1,1,セブンイレブンって時点で買う気せん
1,1,セブンイレブンに0月0日に出るんですか買って食べて見ますね東京にラーメンやさんでやるかと思いましたヒカキンさん人気あるからめちゃくちゃ混むよねセブンイレブンに出るんだら良かったです
1,1,セブンイレブンにありませんでした
1,1,セブンイレブンに行ってもなかった
1,1,セブンイレブンに販売するというのもまた身近に感じられるからすごくうれしい
1,1,セブンイレブンのオーナーやってますおそらく特発で発注上限かかると思いますが上限いっぱい発注させてもらいます
1,1,セブンイレブンの社員誰も情報漏らさなくて草
1,1,セブンイレブン以外のお店でも売れますか
1,1,セブンイレブン無いから食べれないいつかセブンイレブン見つけたら入って絶対買う
1,1,セブンだけじゃなくてスーパーとかにもあったらすごい売れそう
1,1,セブンで出してくれるの嬉しい田舎者でも手が出せる笑
1,1,セブンないんよなー生協かイオン系列で売ってたら買う
1,1,セブンにしかないのか
1,1,セブンに行けばあるのよね売り切れるかな買いに行こ
1,1,セブン少し離れてるけどhikakin大好きだからセブン行こ
1,1,セブン店員だから買おー
1,1,セブン店員のわい納品まで待ちきれない
1,1,そういう事だったんですね夢を持って努力して叶えるなんて凄いです本当におめでとうございますこれからも応援してます
1,1,そうなんですね僕もラーメンが好きです
1,0,そのうち袋麺も出してくれ
1,1,そのラーメン買いたくなります
1,0,それでも人工甘味料入ってる
0,0,それ休みじゃねぇだろちゃんと休めよ
1,1,そんなことだろうと思ったコンビニ行って買いますねー
0,1,そんなにラーメン好きで救われる人がいるんですね私もラーメン屋さんで働いてるけどもっとラーメン屋さんで働いてる事に自信をもって働こうと思います
1,0,そんなんたべるしかないでしょ
1,0,そんな美味くない
0,1,たいしたファンでもないけどなんか涙出るね
0,0,だいすき
1,1,だからラーメンダーツとかやってたんだね好きなものを本気にできるのって本当に尊敬できる
1,1,ただ休んでただけじゃなくて頑張ってラーメン作ってたのは感動
1,1,ただ発売するのでなくラーメンに助けられた感動的なエピソードがあるのがやっぱりヒカキンさん神だなって思う
1,0,たべたーい
0,0,た高い
1,0,ちぢれ麺がいいね
1,1,ちゃんと全国のラーメンを回るという伏線をはっていたと思うと鳥肌もんだわ
1,0,ちゃんと美味かった
1,0,ちょっとうまそうなの草
1,0,ちょっとたべてみたいです
1,0,ちょっと高いけど絶対買う
1,1,ちょっと高いなその値段ならおにぎりと揚げ物買うってなる
1,0,ついに今日発売か
0,1,ツールドフランスの奴も好きなラーメンラーメンは世界を救う
1,1,つよぽん絶対に0月0日買ってみようかな超美味しそうだね
0,1,でも結局お金入るのは自分のところだろ笑
0,1,テュデイズヒカキンズポーイント0兆万点
0,1,で一週間休んで何をしていたん笑要は期待商法やんな一週間身を隠して遊んで期待値を上げたかったん
1,0,どうしても早く食べたい
1,1,どうせhikakin印のラーメンでも作ったんでしょ鼻ホジ
1,1,どうせしおきんとか増やすんでしょ商標取っとこ
0,1,どうぞって言った瞬間ウマ娘ながれた
0,1,どうでもいいけど0時間で0万回再生はやべえな
1,1,どこかに行かないといけないとかじゃなくてどこでも手軽に買えるってのが神夢叶えれて良かったです
1,0,どこにも売っとらん
1,1,どこに売ってるのヒカキンちょうだい
0,1,どこまで行ってもめちゃくちゃ優しい人だなあ
1,1,どっちも美味しかったです個人的には飯派でした
1,0,とっても美味しかったです
1,1,とてつもないプレッシャーの中で時間と労力を割いて商品開発している姿が容易に想像出来ます一週間休むのも納得です応援してます
1,0,とても美味しかったですもやしの食感すごかった
1,1,ドラゴンボールの一番くじ買いに行ったらたまたま売ってて食べたらめっちゃ美味かった
0,0,とりあえずススル君に土下座しな
1,0,とりあえず食べまーす
0,0,どんな結果でも大好きだよ
0,1,どんな小さな事でも夢を叶えられるって素敵な事だよね
0,0,どんな報告かなどんな報告でも神回だ
0,0,どんな報告かめっちゃ楽しみ
0,1,どんな報告でも応援してます
0,1,どんな報告でも応援することに変わりはないんだけど全国ツアーだといいなぁー
1,1,どんな味がするのか一度買ってみようかな
0,0,な
1,0,なかったからすみれ食べた美味かった
1,1,なかなかいないと思いますが私ラーメンが苦手なんですよそれでも全然食べることができましたhikakinさんありがとう
1,1,なぜか0回目に食べた方がさらに美味しく感じました
0,1,ナレーションのトーンがほん怖
0,1,なんか0年くらい見てるけど感動するわ
0,1,なんかhikakinが幸せそうで私もうれしい
0,1,なんかhikakinさんはyoutuberで成功してるからとかそういう妬み全くない努力が実った人だなぁって見れる
0,1,なんかヒカキンさんって自分の節目とかにいつも誰かの為にやる事ばかりでyoutubeを始めた頃から芯とか根本が全く変わらないんだろうなと泣きたくなる
0,0,なんかもう嬉しい泣ける矢部
0,0,なんか感動する
0,1,なんか感動するなぁここまで来たのかって感じるわ
0,1,なんか泣けてきたよヒカキンさんあなたはほんとにyoutube界の宝だよ
0,0,なんか当たった
0,1,なんか熱いものが込み上げてくるなすげぇや
0,1,なんか福くんが仮面ライダーになるって夢を叶えた時くらい勝手に感動した
1,1,なんとなくヒカキンラーメン好きだなって思ってたけどまさか作ってみたいと思ってたとは食いて楽しみだな
1,1,なんなら店舗出してくれてもええんやで
0,1,なんな涙出てきた夢って叶ったら凄いよなぁ
0,0,なんやねん
1,1,ニューミサとどっちが美味いですか
1,1,ニューミサのラーメンはほんとおいしい
1,1,ねつ伝わってきましたおめでとうございますぜったい食べます
0,0,は
1,1,バイト終わりに速攻買って食べました凄く美味かった
1,1,バカ売れしてソッコーで品薄になりそう
1,1,はじめてヒカキンさんのラーメンを買いに0店舗行きましたけどご飯の方がなくてラーメンを食べたらくやしいけどおいしかったです
0,1,バズり目的の為に使われてて可哀想
1,1,パッケージのデザインもセンスあって素敵ですね下積み時代も人生が変わるその日もラーメンと共に感動的です
1,0,はやく食べたいわоо
1,0,はやく買いにいこ
1,1,はよ食べたいおめでとうございます夢を叶えていく瞬間をこうやって見ることが出来て同じ時代生きれて幸せです刺激もらいました
0,1,バンカラジオさんもコントでやってましたよ
1,1,ヒカキーンおめでとうこれからも応援してるラーメン買えなかったけど次hikakinプレミアムの商品は絶対買ってやるー頑張ってください
0,0,ヒカキンあんたやっぱすげぇよ
0,1,ヒカキンいつもみてるよあいと0さいより
0,0,ヒカキンおもれー
0,1,ヒカキンが嬉しそうなの観てるとこっちも嬉しくなるね
0,1,ヒカキンが笑ってるとこっちまで幸せになる
0,1,ヒカキンが青色の服着てると嬉しい
0,1,ヒカキンゲームズのホームから来た人
0,1,ヒカキンこそ努力に努力を重ねたtheyoutuberって感じまじですげぇ
0,0,ヒカキンさん
0,1,ヒカキンさん0年前ゲーマーと言いましたよね
0,0,ヒカキンさんおめでとう
1,1,ヒカキンさんおめでとうございますラーメンへの熱い想いが伝わってきました本当に美味しそうで今すぐ食べたいです追記沢山のグッドボタンや返信本当にありがとうございます
1,0,ヒカキンさんかっこいい絶対食べます
0,1,ヒカきんさんこーださんしってます
0,1,ひかきんさんすごい字が綺麗
0,1,ヒカキんさんだいすきですゆうと0さい
0,1,ヒカキンさんって本当にいい人だなぁ
0,1,ヒカキンさんテアロシップウダンがゲロキンといっました
1,1,ヒカキンさんのガチファンだから泣くくらい嬉しい一生買う
0,1,ヒカキンさんのぬいぐるみがほしいですまい
0,1,ヒカキンさんの人生って夢あって好きすぎる
0,1,ヒカキンさんの努力は本当にすごいこれからも頑張ってください
0,0,ヒカキンさんはじめまして
1,1,ヒカキンさんは下積みがすごいからここまで有名になって夢が叶ってくれるのはこっちも嬉しい
0,0,ヒカキンさんは生きる伝説
1,1,ヒカキンさんヒカキンさんめちゃくちゃ美味かったですほんとに努力したのが伝わりました
1,1,ヒカキンさんホントにラーメン好きですね自分の好きなもので夢が叶えれるのすばらしいと思う
0,1,ヒカキンさんみたいな人も最初は苦労してたマジ尊敬
0,1,ヒカキンさんわたしもたべました0さいのはるとよりヒカキンさんだいすきですよ
1,1,ヒカキンさん塩分0はやべえって
1,1,ヒカキンさん何処の店も完売ですお願いします再販して下さい
0,1,ヒカキンさん今年セイキンさんとの曲作らないんですか
1,1,ヒカキンさん新しいラーメンを発売されるということでおめでとうござまいす発売を楽しみに過ごさせていただきます
1,1,ヒカキンさん早く食べたいヒカキンさんの人柄が皆さんが携わってれるんでしょうね
0,0,ヒカキンさん大好きです
0,1,ヒカキンってすげーなー
0,1,ヒカキンって報われるまで努力できるの凄いな
1,1,ヒカキンにも苦しくて辛い時代があったんですね第0部がすごくよかったですラーメンに助けられたっていう思いとみんなにも元気になってほしいっていう思いが本当に伝わってきて涙が止まりませんでした0の発売を心待ちにしてます
1,1,ヒカキンのいつもの癖ならみそおって名付けそうなのに
0,1,ヒカキンのバ力舌具合が露呈しちゃったね
0,1,ヒカキンのバ力舌具合が露呈するいい機会
0,1,ヒカキンのやっていくことが凄すぎて距離を感じるはずなのにすぐそばにいる感じがめっちゃ好き
1,0,ヒカキンのラーメンめっちゃおいしかったです
1,1,ヒカキンのラーメンを食べれるのは嬉しすぎる泣
0,1,ヒカキンの元気な姿が見られるのは嬉しい
1,1,ヒカキンの努力って半端ないここまで努力出来る事がすごい事
1,1,ヒカキンの特性ラーメンたべないやついねーよなぁラーメン屋いくぞぉォ
1,1,ヒカキンの熱意というか思いが分かるまず真っ先に自分で思う通りにするヒカキンが凄くて羨ましい
0,1,ヒカキンの癖に廃課金だな毎回散財しすぎ
0,1,ヒカキンの癖に廃課金な行動するな散財しすぎ
0,1,ヒカキンの本体はメガネだと思う人
0,1,ヒカキンはまさにお金努力を証明した男
0,1,ヒカキンは何回ラーメンと言ったでしょう
0,1,ヒカキンは期待を裏切らない
0,1,ヒカキンは今回夢を叶えたけどヒカキン自身もまた色んな人の夢になってるんだよね素敵な世界だ
0,1,ヒカキンは本当に充実してるなぁそうに決まってる
1,1,ヒカキンー今日買って食べたよメシすごく美味しかったまた買います
1,1,ヒカキン俺このラーメン買うよサイコーじゃんyoutubeドリーム見せてきた男の夢の結晶でしょ
0,1,ヒカキン開発とか向いてそう
1,1,ヒカキン完全こだわりのラーメンならいいけど味的に元のラーメンをちょっと変えただけならわかんないなーラーメンに関しては厳しい世界だからヒカキンってだけで売れると思うけど美味しくなかったら売れなくなると思うけど人それぞれの好みだからわかんないけど
0,0,ヒカキン頑張れ
0,1,ヒカキン字上手いね
0,0,ヒカキン習字うまい
0,0,ヒカキン習字上手い
0,1,ひかさんがふくよかになった理由
0,0,ひかちゃんおめでとうございます
0,1,ヒカルマネしてて草
0,1,ビックダディって言ったの誰
0,1,ひねくれコメ多すぎやろ笑夢を叶えただけなのに
0,1,ヒルクライムのライブで初めてヒカキンさんを見て知ってあれからもう何年も経ってるけど今では今でもヒカキンさんtocさんの大ファンです
1,1,ファミマの札幌味噌の方が美味かったわ
1,1,ファミマローソンでも販売して欲しい
1,1,ファミマ派だからファミマまで置いて欲しかった感ある
0,1,ファン視聴者を大事にするヒカキンさんプレゼントだとかばら撒きすぎないで欲しいな
1,1,フラゲして食べてみたくどかった水必須
0,1,プルが過去一気合い入ってる
0,1,プレミア公開の時コメントで文句奴多すぎて悲しくなったわ素直に祝ってやればええやんけ
0,0,へへー
0,1,ポイントつける側からつけられる側になったの凄すぎ
1,1,ほかのyoutuberとは違ってラーメンなのいい
0,1,ぼくはごさいですたべたいです
1,1,ぼくはずっとラーメンを食べたかったヒカキンのラーメンができましたブタメン
0,0,ぼくもラーメンだいすきです
1,1,ポジティブな報告なのかネガティブな報告なのか事前に言ってくれるのを本当のありがたい心持ちが穏やかで見られる
0,0,ぼったくり
1,1,ポプラに買いに行っても全然売ってないんだけど
1,1,ホリエモンも褒めてましたねコンビニで探しに行ってみます
0,0,ほんとおもろいな
1,1,ほんとにうれしそうつたわってきます東京に行ったりせずセブンで買えるなんてヒカキンさん本当にありがとうございます
0,0,ほんとにすごい
0,1,ほんとにみんなに喜んでもらえるように作ってくれてるのがほんとに伝わるhikakinさんの夢が叶って良かったです
0,1,ほんとに自分のことみたいにうれしいそしてヒカキンさんが忙しいなかでいろんな人にハート押してるのがほんとに感動するやっぱり皆のこと第一に考えて行動していけるからみんながついてきて超人気のyoutuberになれたと思うしこうやって夢を叶えられたんだと思うこれからもこの人についていこうと改めて思ったほんとにすごい
1,1,ほんとに努力の積み重ねが遂に実った感じが伝わります
1,1,ほんとまだ全然人気出ない頃にヒカキンを友達から勧められて観てたけどそのヒカキンがいまこうしてhikakinpremiumのラーメンが出るそして今となってはyoutube界を代表するくらいの人となってるほんとにすげーこれからも応援してます
1,1,まあ味の好みとかって人それぞれだけどさこれを食べてあおるやつの気持ちがわからないんよねただただ妬みでしょって思ってしまう
1,0,まじうまかった
1,0,マジでうまそう
1,0,マジでうまそう食べてー
1,1,まじでかっこいいどんなに苦しくても辛くても頑張った先にこんな未来が来ると信じてがんばります
1,1,まじでかっこいいな普通に美味そうだし今度買お
0,1,まじでこの人超えるユーチューバーというか人としても中いない笑
1,1,マジですげぇわ休んでも休まなくて準備して一刻でも早くみんなに知らせれるよう努力してるとことか本当に美味しそうなのが伝わってるくる
0,0,まじでどうでもいい
0,1,まじでヒカキンやること面白くなくてなんで人気あるのか分からん
1,0,マジで楽しみ
0,1,マジで気になって夜しか寝れなかったから楽しみだわ
0,1,まじで気になるどんな結果でも応援してます
0,1,マジで努力してるのが感じられる尊敬やわ
0,0,まず
1,1,まずyoutubeを0年間休まずにやってるのだけでも凄いのにyoutubeをやりながら他の夢を実現させるためにも全力を注いで頑張るヒカキンさん本当に尊敬します
1,1,まずいだのおいしくないだのケチつけてる人見かけるけど何かと叩かないと気が済まない層に少なからず興味持たせて買わせてる時点でヒカキンの勝ちだよ
1,1,まずいもういらんせっかく0店舗探し回ったのにショック
0,0,マスオtvありますか
0,0,まだなんかわからんけどおめでとう
0,1,また小銭稼ぐの
1,1,まだ食ってないからなんとも言えないけど自分の知名度を利用してなんとなくな気持ちでラーメン作りに手出したとしか思えないしほんとにラーメン作るのが夢だったんなら自分の名前を公表せずにこっそり作って周りからの意見を忖度なしでもらって初めて嬉しいって思うんじゃないのかな知らんけど
1,1,まだ食べれてないです
0,1,また新しい夢の実現を期待してます頑張ってください
1,1,また味噌キン再販しますか
1,1,まっすぐで真剣で真摯でやっぱりヒカキン大好きヒカキンの夢が叶って嬉しいラーメンもカップメシも食べるの楽しみ
1,1,まってまさかのみそめし美味しそうすぎるヒカキンのことだから本当にこだわって作ってくれてるはず絶対食べまーす
1,1,ミサは小さい頃行ってたな玉ねぎ甘めで味噌と合う懐かしい
0,0,みそかみそきらいなんよ
0,0,ミソキソ
0,1,みそきんくんぬいぐるみ欲しいノホスィ再販記念にもう0回プレゼント企画お願いします
0,0,ミソきんさんだ
1,1,ミソキンラーメンの残り汁にご飯いれたらミソキンメシにならんの笑
1,0,みそキン早く食べたい
1,1,みそキン必ず買いに行きます行く時間であればいいけど
0,0,みそすけ
0,1,みそふの方がいい
1,1,みそラーメン大好きだから嬉しいしかもセブイレならみんな買いやすいし絶対絶対買いますね今から楽しみすぎる
0,0,みそる
0,0,みそる
0,0,みそる
0,1,みそるからきました
0,1,みそるからきましたー
0,1,みそるから入りました
0,1,みそるから入りました
0,1,みそるから来た人
1,1,みそるから来ましたありがとうございます
1,1,みそるから来ました寄せすぎてて笑いました
0,1,みそると対抗して欲しい
0,1,みそるを見てちょっと見返しに来てしまった
0,1,みそる見てこっち見にきたらまじで寄せてて笑った
1,0,みそる美味しそう
0,1,みんなあんま触れてないけど習字上手ない
1,1,みんなと苦しい気持ちとか頑張ろうという気持ちとかを共有したいっていうのが凄く伝わる商品ですね早速発売日に買って食べたいですそして夢を叶えられたこと本当におめでとうございます
0,1,みんな触れてないけどロゴの字書くの美味すぎん
0,1,みんな恋人作ればリア充とか金持ちが自由とか言ってるけどヒカキンみたいな好きなことを本当に頑張れて嬉しさに溢れてる人が真のリア充だと思う
0,1,むしろしょーもなでバズる目的だった説
0,0,めしキン
1,1,メシにきくらげ入ってるの私きくらげ嫌いだけどメシで食べたら食べれるかも早く食べたい
1,1,メシの方が美味かった
1,1,めちゃくちゃこだわり抜いて作られたのがすごく伝わりました絶対買います
1,1,めちゃくちゃ楽しみワクワクだねー絶対食べたい買いに走るよー
1,0,めちゃくちゃ楽しみ美味しそうだから早く食べてみたい
0,1,めちゃくちゃ上からになるけどhikakinさんって凄いですね
1,0,めちゃくちゃ美味かったですこれからも頑張ってください
1,0,めちゃくちゃ美味しかったです
1,1,めちゃくちゃ美味しそうに食べるからお腹すいてきました絶対どっちも買います
1,0,めちゃくちゃ美味しそう食べます
1,0,めちゃめちゃ食べたいです
0,0,めちゃめちゃ人気になるとは思わなかった
1,0,めちゃ早く食べたい
1,0,めちゃ美味しかった
1,0,めちゃ美味しそう
1,1,めっちゃうまいですラーメンとカップメシどっちもちょうどいいニンニクの感じでこだわりが伝わりました
1,0,めっちゃうまかったよ
1,1,めっちゃうまそう食べてみたい0個以上買おっかな
0,1,めっちゃくちゃ嬉しい自分の事の様に喜べる
1,0,めっちゃ食べたい食べてみる
1,1,めっちゃ探したけど買えなかった人
1,0,めっちゃ美味かった
1,0,めっちゃ美味かったです
1,0,めっちゃ美味しかったです
1,0,めっちゃ美味しかったです
1,0,めっちゃ美味しかったです
1,1,めっちゃ美味しかったです息子も喜んで食べてましたありがとう
1,1,めっちゃ美味しそう••0つとも買います
1,0,めっちゃ美味しそう食べてみたい
1,0,めっちゃ美味しそう絶対買う
1,0,メンマ好きにはたまらない
0,1,もうhikakinさん休みって言ってたけど休んで無いやん
1,1,もういっそお店出してくれんかなとか思ってるわ
0,1,もうすまんけどhikakinさん超えるyoutuberはほんとにいないもう俺が決めたこの人は人としてもyoutuberとしても最高って感じで大好き
0,1,もう一つの夢だったかっこよすぎ
1,0,もう絶対買うんだけど
1,1,もう美味すぎて鳥肌たったわラーメンも美味いけどメシがやばいくらい美味しかった
1,1,もう涙が止まりませんヒカキンさんの一生懸命努力出来るところとか本当に尊敬します絶対に買います
0,1,もー映画にしていいぐらいすごい
0,1,もっとゆーちゅーばーになってくださいゆうと0さい
0,0,もっと休んでくれ
1,0,もはやyoutuberがやることじゃないすげえなあ
1,0,もやしが入ってるって珍しくね
1,1,やたぁみそめしはあったので買いましたラーメンは売れ切れて無かった
0,0,やったー
0,1,やっぱhikakinさんは努力のが凄い
0,1,やっぱりhikakinは人間性もパーフェクトだし表の人間としてもパーフェクトだと思う
0,1,やっぱり一周間はえーな楽しみ
0,0,やっぱ普通なんやろ
0,0,やばいクレーマーみたいなポーズ
1,1,やはりラーメンは僕たちにとって最高なものですよね
0,1,やりたいことをなんでもできちゃうそれがヒカキンの力短いお休みで休めたかなもうちょっと休みたいよね
0,1,やりたかったifルートを同じ人生でどっちもやってるの凄すぎる
0,0,よかったね
1,1,よっかたですねゆめがかなってぼくもたべたいですどうががんばってぐださいぼくもおうえんしてます
1,0,ラーメンか
0,1,ラーメンゲシュタルト崩壊した
0,1,ラーメンゲシュタルト崩壊したわ
1,1,ラーメンご馳走さまです美味しかったですyoutube活動もやりつつ色な準備ができる体力とか努力とか尊敬します
1,1,ラーメンしかたべてなかったけどホントにおいしかった0円で他より高めだけどリピありと思いましたまた食べてくなる味明日はカップ飯たべるの楽しみです
1,1,ラーメンだけしか買えなかったけど優しい味で美味かったです
0,1,ラーメンって安いのに幸せにする度合いは最高だよね
1,1,ラーメンでまさかこんなに感動させられるとは思わなかった
1,1,ラーメンとかtシャツとか誰でも買える値段にしたとこに好感もてる
1,1,ラーメンとかだけじゃなくてhikakinプレミアムの最初の商品なの夢があって嬉しい
1,1,ラーメンとメシ両方食べました確かに元気を貰いました
1,1,ラーメンなら手軽に買えて嬉しい一つ一つのことに真剣に向き合う姿は尊敬しかありません他のyoutuberを非難するわけではないのですがいつも全力で取り組んでいて結果がでているのも納得です
1,1,ラーメンなら豚骨以外断固拒否の自分だけどなぜかこれは食べてみたいと思った
1,1,ラーメンに凄くこだわって作られたのが伝わってきます発売日楽しみです
1,1,ラーメンに対する想いだったり幼少期からの思い出の味噌ラーメンのことも知れて感動で涙が出ました絶対買います
1,1,ラーメンに目をつけるとはセンスというかなにもかもスゴすぎてさすが神と呼ばれるだけある全youtuberびっくりしてんだろうなぁ
1,1,ラーメンの中では味噌が0番好きだから地元でも売られるようになったら絶対買う
1,1,ラーメンの方が私は好みです
1,1,ラーメンの方が美味しかったです
1,1,ラーメンの方をさっき喰ったけどイマイチだねごつ盛り味噌の方が好みだわ
1,1,ラーメンの味で味噌が0番好きだからめっちゃ嬉しいしかも安い買うしかないなヒカキンさんありがとうそしておめでとう
1,1,ラーメンの無い世界なんて考えられないほんとにラーメンって多くの人を救ってると思う
1,1,ラーメンばばあのときを思い出す本当にラーメンが好きというのが伝わります
1,1,ラーメンメシめちゃくちゃ美味しそうなので買って食べて見たいと思います夢を現実に叶えられて良かったですねおめでとうございます
0,1,らーめんもいいがもうそれ以上太るではないぞ
1,1,ラーメンを作りたかったとか取って付けたみたいな設定
1,1,ラーメンを初めて作った人ラーメンを広めた人ラーメン屋の人みんなヒカキンさんを支えてヒカキンさんをこんな大物にまでさせてくれてありがとう
1,1,ラーメンを食べるがわから食べられるがわになった男
1,1,ラーメン屋に勝てるわけなくて草
1,1,ラーメン苦手だけどその中で0番好きな味がミソだから嬉しい絶対食べる
1,1,ラーメン好きアピール多すぎて嫌味が差してくるけどめちゃくちゃうまそう
1,1,ラーメン好きだから嬉しいあと落ち着いたらちょっと休んでほしい切実
1,1,ラーメン好きだから見かけたら食べてみるわ
1,1,ラーメン好きならなんでアセスルファムカリウム入れたのかが疑問
0,1,ラーメン好きにデブが多いことの証明
1,0,ラーメン最高
0,0,ラーメン作りたい
0,1,ラーメン作り報告とか言うから期待したけど舐めたこと言うなよ‪‬
1,1,ラーメン作るためにダーツの旅やってたとしてもあれは辞めないで続けて欲しい
0,0,ラーメン食べたい
0,1,ラーメン食べてみたい
1,1,ラーメン食べてみたよ
1,1,ラーメン製作の関係者から情報もれなかったの凄いな
1,0,ラーメン専門店より美味かった
1,1,ラーメン大好きだから嬉しい絶対買います
1,1,ラーメン大好きだから必ず食べます
1,1,ラーメン大好きなhikakinさんが作ったラーメンとか絶対に美味いやんあと手軽に買えるとか最高買うしかないわ
0,1,ラーメン聴きすぎてゲシュタルト崩壊起こしそう
1,1,ラーメン店にするの飲食だからインスタントより異物混入系の事件が起こりやすくなるから絶対こっちの方がいいよね
1,0,ラーメン美味しかったです
1,1,ラーメン美味しそうですけどめそらーめん食べれないのでしょうゆとかでもいいので食べたいです
1,1,ラーメン本当に大好きですhikakinさんをずっと前から見てきました小学生だったけれど今はもう高校生で大学受験に向けて勉強しいます勉強のお供として食べていきたいです
0,0,りゅうせい
1,1,わぁー夜中に再生してラーメンクッソ食べたくなったー発売したら買います0月0日楽しみ
1,1,わーいいぇーいおめでとうございますコンビニで買えるの嬉しいです楽しみー
1,1,わかりみが強いですラーメンは人生です必ず買います
0,1,わたしもらーめんすきだよ
0,0,んーこんな感じか
0,0,意外と字綺麗
1,1,一キロ近く探し続けてるけどまだ全部売り切れだよ
1,1,一つ言いたい味噌食えねーよー
1,1,一時期すごい太ってた時あったけどラーメンの味作ってたのか
0,1,一週間お休みしてまあ当たり前だなと思ったら頑張るためのお休みだとはさすがすごすぎるちょっとはお休みしてくださいね長文失礼しました
0,1,一週間休むのが夢でしたとかでも納得
0,1,一十二度見ても
1,1,一店舗0食しかないのって本当ですか
1,1,一度は食べてみたい
1,1,一年間夢を叶えるために頑張ってたヒカキンさん凄いし尊敬した
1,1,一年賭けたラーメン食べますね近くで買えるの嬉しい
0,1,宇宙じゃないんかーいっ笑
0,1,映像ヒカキンが作ってるの何気に凄い0
0,1,映像比べに来ました
1,1,塩や醤油豚骨のバージョンのラーメンも出してほしいなー
1,1,塩ラーメンだとしおきん豚骨ラーメンだととんきんじゃあ正油ラーメンだとせいきんになる
1,1,塩分0とか正気か返金しろ
1,1,塩分多すぎ一日の目安思いっきり超えてる
1,1,応援したいから買う売り切れちゃうかなあ
1,1,応援しとるで絶対買うわ
1,1,沖縄では発売されないのね
1,1,沖縄のセブンにもあるのかな買いたいな
0,1,俺の誕生日0月0日や発売日と同じ日なんてこれ以上に最高なことは無い
1,1,俺も自分の商品出せるまで頑張るわ
1,1,俺も初めて食べた食べ物ラーメンだから思い出があるぜ
0,1,俺やっぱ純粋で何事にも本気なヒカキン大好きだわ
0,1,下積みって何回言ったか数えてる人います
1,1,下積み時代ほんとうにしんどそうなのにここまで頑張って夢叶えてて尊敬します
1,1,下積み時代も諦めず努力した結果これなの最高すぎて大尊敬
0,1,下積み時代ラーメンに救われた少年ナルトやんけ
0,1,何かご報告から長い文になった
0,1,何かとドキドキするけどヒカキンさんの夢が叶うんだったら嬉しい
1,1,何かヒカキンクラスが初の商品開発って凄いな普通もっと格下のインフルエンサーでも出してるのにそれだけ慎重に製作してたって事かなこれはさすがに食べてみたい
0,1,何だ神か
1,1,何にでも真摯な姿勢を崩さないんですよねそういう所が大好きです家族の分も買ってみんなで食べたいです
0,1,何回見てもご兄弟揃って招き猫引いてるのヤバいですね
0,1,何月にみずきできたんですか
1,1,何事にも本気でどんな時も頑張ってきたからできたことだと思う本当に心から尊敬します
1,0,何時発売なの
0,1,何度も繰り返し観ています観ているだけで気持ちが幸せになるhikakinさんありがとう
1,1,果たしてサッポロ一番みそラーメンとどっちが美味いのか
0,1,改めてすごい人だなと思った
1,1,開発チームに作ってもらってよく自分のラーメンだって豪語できるね
1,1,学生だからyoutuberとかが出すものって高いけどhikakinさんは学生の気持ちも考えてくれたのか0円という化学でこだわりのラーメンが食べれるのは楽しみです友達と買いに行きます
0,0,楽しみ☻
0,1,楽しみすぎて昨日から寝れんかったわ
0,0,楽しみです
1,1,楽しみにしてる笑すぐ売り切れそうだね
0,1,活動のおやすみ期間も動いてるのはもうよー分からんくらい動くやんたくさん寝て
0,1,活動の休み時間が夢を追い続けていた時間とかカッコよスギル
1,1,活動休止中も休まずに夢を叶えるために行動してたと思うと本当に尊敬する
1,1,叶えたかった夢を実現するためにyoutube活動で忙しい中でもこだわりながら商品開発してきたって本当にすごい
1,1,完成おめでとうございます発売楽しみですラーメンは豚骨とかが人気が多いですがそこを味噌でくるところがたまらないしかもニンニクいり最高楽しみにしてますあちこちのセブン巡りしよ
1,1,完売で買えませんでした孫が楽しみにしてました再発売お願いします
0,0,感動tt
0,0,感動しました
0,0,感動しました
1,1,感動しました絶対買います
1,1,感動するなぁヒカキンさんの夢が叶ったの本当に嬉しいなおめでとうございます
1,1,感動だなぁラーメンの色んな袋付いてないの楽すぎて神すぎるめっちゃ良い急いでる時に0袋とか面倒だから
0,1,感動をありがとう久ぶりに涙したよこういうことなんですよ
1,1,甘めって事はミサに近いのかな
1,1,監修って名前だけ貸して開発とかはほぼ任せっきりな人もいる中こんな0から0まで全部本気で本人が携わってるのすごいな
0,1,簡潔にはなさんかい
1,1,頑張ったね購入してみますね
0,0,頑張ってください
1,1,嬉しいおめでとうございます食べたいすごい気になる
0,1,嬉しいけどこの人の休み少なすぎ
1,1,嬉しいそうに紹介してるhikakinさん見てるとこっちまで嬉しくなります発売日絶対買います
1,1,嬉しいよ嬉しい前年は抜かされたけどそれまでは新潟がラーメン支出額0位だったんだラーメン王国新潟の誇りだよ
1,1,岐阜県のみんなにとどけておねがい
0,1,貴族の拍手だけが気になる
0,1,久しぶりにhikakinpoint聞けて良かった
0,1,久に見たらソファの人形がヒカキンだらけになってる
0,1,休むとこが動いてて草
0,1,休むどころか働いてて草
0,1,休むほどのことかよく解らない
0,0,休んでないやん笑
0,0,休んでないやん笑笑
0,0,休んでなくて草
1,1,休止といえど結構働いてたのねいやすごいな食べるの楽しみすぎる
0,1,休止理由もヒカキンらしくて応援したくなるなぁ
1,1,急上昇0位おめでとうございます0年かけてできたラーメンが買える日が待ち遠しいです
0,1,泣きそうになるくらい相変わらず感動しました
1,1,泣けましたおめでとうございます0日セブン出勤なので必ず買わせていただきます出勤前に売り切れちゃいそう楽しみです
0,1,胸が熱くなりました泣きそうです泣いてるけど感動の涙おめでとう御座いますこれからもお身体にお気をつけてください
0,0,興味ない
0,1,緊張するなでも最大限応援します
0,1,近所にコンビニがコンビニがねぇ
1,1,近所のセブンイレブン0店舗回りましたけど売り切れでした店員さんに確認したら問い合わせもたくさんきていて入荷するとすぐ売り切れるそうです自分も見かけたら購入します
1,1,具材がくるりのラーメンぽいのも感動でしかない笑
0,1,結局休んでなかったことが判明
0,0,結局金儲け
0,1,結局金儲けかい無料で配るくらいせんかいそれだけ恩があるなら
0,1,結構マジで少しでいいから休んで欲しいとりあえず夢叶えられておめでとう
0,0,結構期待はずれ
1,1,見たら食べてみたいと思いました次の給料日に買って食べたいと思います
1,1,見てるだけで腹減ってくるわ
1,1,見付からないそれほど売れてるのか
1,1,元スーパー店員が好きな商品を作れるまで有名になったのが本当に凄い
1,1,元スーパー店員の経験とか活かして商品開発してるのすごいそのままスーパー続けててもその内商品開発部とかに異動してたかもしれないね
1,1,現在イギリスに住んでいますが両親に頼んで送って貰います改めておめでとうございます
0,1,言いたいこと沢山あるけどとにかくおめでとうございます
0,1,言うこと忘れましたとか言っても全然許せる
0,1,言ってること矛盾してますね0
1,1,個人の感想なんですがめっちゃ美味しかったですメシの方はまだ食べれてないので再販したら絶対食べますこれからも頑張ってください
0,1,個人的に何より嬉しいのはヒカクラ0が再開することなんです
1,1,故郷のラーメン屋さんのくだりは涙出るね具材や調味料だけじゃない背景や思い出が何よりの美味しさに繋がる隠し味
0,0,後半ドキュメンタリーみたい素敵
1,1,口角が上がるラーメンってすっごくいい
1,1,向上心あって素晴らしいラーメン旅もしてるくらいだから好きなんやね
0,1,好きだけどなんかお金配るのは
1,1,好きだったラーメンを作るなんてすごいな
0,0,好きです
0,1,好きなことで生きていくを貫き続けていて本当にかっこいい
0,1,好きなことで生きていくを実現させた漢かっこよすぎる
0,1,好きなことで生きていく報告前は視聴者の心を昂らせ報告後は自分の夢を叶えることで視聴者を喜ばせるやっぱhikakinさんは本物のyoutuberだ
0,1,好きなことで生きているを体現したまさに偉人私たちに夢を与えてくれて本当にありがとう
0,1,好きなことで生きるってこうゆうことなんだなぁ
1,1,好きなことにここまで全力を注げるのも聖人と呼ばれる0つの理由なのかもな
1,1,好きなことにほんと全力一生懸命な方観てて面白いし楽しい尊敬沖縄でも販売あるかな
0,1,好きなことに本気になれるの本当に尊敬するわ
0,1,好きなことをして人生を楽しんでいる姿に私も頑張りたくなる気持ちが出たよyoutuberの鏡だよ
0,1,好きなことをして生きていくのがyoutuber
1,1,好きなことを極められる人は本当に努力をしてきた人だと思います尊敬
0,1,好きなものがあるって大切なことなんだな
1,1,好きなものを自分の商品にしちゃうっていう偉業ほんとにすごい0年かかったり活動休止になるのも頷ける
0,1,好きな事を趣味として生きていくの本当に尊敬してる
0,0,控えめに言っても神
1,1,荒尾のセブンイレブンでは売り切れでした残念です
1,1,購入させて頂きましたとても美味しかったです
1,0,高いッッ
1,1,高い甘い買えないそんな印象だったなぁ
1,0,高い普通
1,0,高くね
1,0,高すぎやな
1,1,号泣してしまいました本当におめでとうございますかっこいいです発売されたらセブンにいきますね
0,1,今から間に合いますか
0,1,今までと全く違うトーンのヒカキンさん感動しました
1,1,今までの様挑戦を経てたどり着いたラーメン食べるの楽しみです
0,1,今回のやり方は常識的にグレー過ぎるぞ
1,1,今後色んな味出して欲しい
1,1,今食ってるんだけどバカみたいにうまい
1,1,今日0日ですがセブンで購入しましたお店でも派手なディスプレイでしたよいただきますいただきますっ
1,1,今日から発売じゃないか買えたら買うzoy
1,1,今日の朝買ったスープが美味しかった
1,1,今日香川県観音寺市のセブンイレブンに買いに行ったら入荷待ちと言われました何時入荷するか分からないと言われました楽しみにしてたのにまた買いに行きますね
1,1,今日初めて食べたなんかカップでいける味噌ラーメンの限界に挑戦してるといえる味だったこれはリピーターいるワケだ
0,1,今日招き猫キン当たったのでhikakinさんが言ったみたいに大事に取っています
1,1,今日食べてみたけどめっちゃおいしいよ
1,1,今日食べましたいやぁもう食レポなんて出来ないから一言で言うとめっちゃ美味しかったです食べてよかったもっと食べたいぃけど売ってねぇ
1,1,今日誕生日だったからなんか嬉しいです❁❁hikakinさんおめでとうございますそしていつもお疲れ様です❁❁最初は売れすぎて中買えないと思いますが買える機会があれば買わせていただきますこれからもご無理なさらずに頑張ってください
1,1,今日徳島のセブンで0個買った
1,1,今日発売なのか売り切れてそうだけど絶対食べたいなこれを食べるために頑張って生きますっっง-ง
1,1,今日比較的のどかな地元のセブンで買おうと思ったら残念両方売り切れてました美味しそうなのでそのうち是非購入したいです
1,1,今夜の夜食にします
0,1,再生回数見て思ったけど今でもみんなの関心を惹き付けてる事が凄いちゃんとみんなhikakinの事気になってるんだね
0,1,再生数が0万人いって欲しい人
1,1,再販してくれるのが嬉しい
1,1,再販でやはり闇を感じた
1,1,再販の時に食べましたとても美味しかったです
1,1,再販まだかなーまだかなー
1,0,再販楽しみ
1,1,再販決定と聞いてまた見に来てしまった
1,1,最近のヒカキンあるあるかもしれないけど後付けの夢っぽくてなんかねって感じここまでやる熱量とかは尊敬してます
1,1,最近買って食べてみました味噌もしょっぱ過ぎず麺はソフト具もシャキシャキしてて文句なかったです一応言っておきます食ってみな飛ぶぞ長州力風失礼しました
1,1,最近味噌ラーメンハマってるからマジで嬉しい
0,1,最高だよこれからも一生ついて行きます
0,0,最初のオープニングをhikakintveveryeekでも許される
1,1,在庫がない
1,1,姉も食べたいて言ってた絶対買います
0,1,思ったんだけどヒカキンボックスってヒカキンプレミアムの商品じゃないんかな
0,1,私が人生で救われたのはポケットモンスターhikakinの気持ちよく分かります
0,1,私ヒカキンの誕生日のまえがたんじようびです
0,0,私まねきねこきん出ました
1,1,私もバイトしてた頃社会人になってからもお世話になってますカップ飯もあるの有難い贔屓します
1,1,私もラーメンが大好きでとても共感できました
1,1,私もラーメン大好きなので絶対買いますおめでとうございますここまで努力できるのが本当に尊敬します
1,1,私も以前落ち込んでいた時ラーメンを食べてこの一杯でこんな幸せな気分になれるって本当すごいなぁって思ったの思い出しましたhikakinさんおめでとう早く食べれるの楽しみにしてます
1,1,私も同郷なのであのミサのガツンと感のある味噌ラーメンは脳に刻まれてます笑おめでとうございます楽しみにしています
0,0,視聴後いや休んで無いやん
1,1,視聴者が体感しやすい食品への事業展開してくれてほんと嬉しい
1,1,視聴者の意見どうこうじゃなくてちゃんと自分の好きなこと貫いて努力してるのかっこよすぎる
0,1,試食の時口ピチャピチャさせない
0,1,字も綺麗なところまで本当にヒカキンさんの才能にびっくりですこれからもずっと応援してます
1,1,時代に残るものを明確に作れるってのは誰にでも出来ることじゃないよすげえなあ
1,0,次はおにぎりか飲み物作りそう
1,1,次はラーメンチェーンですね
1,1,次は濃厚豚骨でお願いします
1,1,自身のメンタルの支えになってたラーメンに対してyoutubeで結果を出して恩返しするのカッコ良すぎて
0,1,自分が叶えたい夢を叶えられて本当にすごいと思う自分も見習っていきますそしてどんな報告でも受け入れていきます
1,1,自分が好きなものを自分が満足するまでつきつめて作れるって素敵
1,1,自分のやりたいことにここまで真剣に向き合って努力してしっかり結果残すことってできるようで中できないことだから本当に尊敬する
0,1,自分のやりたいことをずっと貫いてんのすごすぎるこれが本物のyoutuberか
1,1,自分のやりたいことを全力で出来るのカッコよすぎる
1,1,自分のやりたかった事が出来てよかった何事にも頑張って欲しいな
1,1,自分の好きなラーメンをいつも見てるhikakinさんが作ってくれるとは思ってもいなかった勉強の夜食に食べます0日は朝イチでセブンに直行だ
1,1,自分の好きな事ラーメンで視聴者をも一緒に喜ばせれるのってhikakinさん位だと思う幸せを独り占めせず皆んなで分かち合える形に出来るhikakinさんはやっぱり凄い絶対買います頂きます
1,1,自分の好きな商品を自分で監修して商品として販売できるなんてすごいな
1,1,自分の好きな料理を自分が手を加えて商品として出せるのって本当に凄いことだよなぁ
1,1,自分の商品作ってたの凄てか休みじゃないじゃんまぁ自分のしたいこと実現できることってやっぱすっごくカッコイイこれからも頑張って下さい応援してます
1,1,自分の夢の中にみんなを笑顔にしたいという想いが込められてるのって本当に素敵優しさが味にも出てそう
0,1,自分の夢を叶えられる人がいてその瞬間を沢山の人と共有出来るのはhikakinだからですねおめでとうございます自分のやりたい事を本当に達成出来るのを証明してくれた貴重な人です
1,1,自分の夢を叶えるために0年間頑張ってそしてその準備のためにたった一週間視聴者を待たせないようにすることができるyoutuberの鑑
1,1,自分の夢を叶えれて良かったですね
0,1,自分の夢を追うという事は凄く良い事とだと思う
1,1,自分の予想のお店出すんじゃないかなと思ってたちょっと異なってましたただ是非とも食べたいです
0,1,自分も夢に向かって突き進んでさらに実現させるような人になりたいな
0,1,自分的にはラーメンの方がそのときに食べたかったからおいしかった長文すいません
0,1,自分用0
1,1,鹿児島はいつぐらいになりますか
1,1,失望したもう二度と買わない
0,1,実は広島市中区に私の父親のお姉さん夫婦が第0店舗寿女すずめを広島市中区舟入へ開店してます良ければ食べに行って下さい
1,1,実際口に合う合わないは絶対あると思うけどここまで頑張った過程を考えるとそんなの関係なく食べたいって思う
0,0,実質休んでない
0,1,実質全く休みではないの草純粋に尊敬できるわ
0,1,若い頃に死ぬ程努力して今夢を叶えたり今の成果があるそう思うとやっぱりhikakinさんには憧れる僕もサボってばかりいないでひと踏ん張りしてみようかな
1,1,手に取りやすいなぁそうに決まっている
1,1,手に入れられないんだけどずっと売っててくれんかな
1,1,手に入れ増したマジで嬉しいです
0,1,終始テンションが高くてどれだけ嬉しいのか分かる
0,1,習字が上手
0,1,習字普通に上手い
1,1,出来ることなら毎日食べたいくらい同じくラーメンが好きなので必ず買って食べます
0,1,純粋で真面目な人だなぁと改めて感心させられました
0,1,初コメです八甲田山かよ今日日乾き物の味付けがどうかしたのかよ古い映画でもみたのかヒカキン
1,1,初コメどのyoutuberが食レポしてくれるんだろう忖度なしで私的にはサッポロ0番味噌ラーメンを越えるかどうか
1,1,初めて発売される商品って言い方だと次もあるのかな
0,1,初めどれだけすごいか分からんかったけど冷静になって考えたらとんでも無いことしてるの草
1,1,初期の頃から忘れられないものってめちゃくちゃいいよねぇしかもそれが実現出来るなんてロマンあるわ本当におめでとうございます
0,1,勝手に期待しといていざ発表した時文句言うのは違うだろ素直におめでとうでいいでしょ
1,1,勝手に報告だとばかり思ってたから予想外すぎたけどヒカキンさんのyoutuberとしての夢とは別の夢が叶って本当に嬉しい
1,1,商品紹介のプロが自分の商品を紹介するのすごい
1,1,商品紹介を主にやってたyoutuberがこうして今自分の商品を紹介してるのほんと感慨深い
1,1,商品紹介を主にやってたyoutuberがこうして今自分の商品を紹介してるのほんと感慨深い
1,1,商品紹介系youtuberがついに自分の商品を紹介する日が来たのか
1,1,小さい子はにんにくは刺激的に感じるかもとかそういう配慮ができるのがすごいと思う
1,1,小麦アレルギーあるからご飯あるのはありがたい
1,1,小麦アレルギーだからご飯あるの嬉しいお母さんにラーメン食べてもらおうヒカチャンよかったね
0,0,招き猫あたった
0,1,招き猫キンに出会えたよー
0,1,招き猫キンのとこ満面の笑みとともに特に何もありません声出して笑いました
1,1,焼肉とか寿司って金持ちになったら良い店ばっかり行くだろうけどラーメンだけはどの店もほとんど同価格帯だし金持ちになっても食べたいと思うものだよね
0,1,賞味期限が自分の誕生日で運命感じた
1,1,醤油キンも欲しい
1,1,醤油バージョンも出してほしい
1,1,醤油ラーメンも作ってくれませんか作ってもらえたらうれしくていっぱい買います
0,0,上手い
1,1,上手くいくか失敗するか分からんが絶対食べるわ
0,1,色んな人が先走った噂を流してて嫌だったけど0月0日が楽しみでも抗がん剤治療中で退院まだだから退院したらすぐ買いに行く
1,1,色考えていることが好感持てるまだまだたくさん好奇心いっぱいワクワクしかない
1,0,食いたいけどたけぇよ
1,0,食いたくなってきた
1,0,食いてー
1,0,食べたーい
1,0,食べたーい
1,0,食べたーい
1,1,食べたーいヒカキンありがとー
1,0,食べたい
1,0,食べたい
1,0,食べたい
1,0,食べたい
1,0,食べたい
1,0,食べたい
1,0,食べたいー
1,0,食べたいけど売ってないです
1,1,食べたいのに何処も完売で売ってないよー
1,1,食べたい他の味は作る予定あるのかな食べてみたい豚骨とか醤油も
1,1,食べたかったけどたまごアレルギーだつらいたまごなしのもだしてヒカキン
1,0,食べたくてウズウズ
1,1,食べたけぞどすくうはうますぎる
1,0,食べたすぎる待ちきれない
1,1,食べてみたいー
1,0,食べてみたいです
1,0,食べてみたいです楽しみ
1,0,食べてみた人
1,1,食べてみましたスープがマジで美味え
1,1,食べてみましたすごい好きな味でしたー個人的にはお湯入れてから0分くらい待つのが麺がちょうどいい感じの太さになって好きでした
1,0,食べなきゃ
1,1,食べましためっちゃ美味しかったですしかも当たりが出たヤッター゚゚
1,1,食べました美味しかったですまた食べれることを楽しみにしてます
1,0,食べるね
1,1,食べるのが楽しみです娘にも食べさせてあげたいです
1,0,食べるの楽しみ
1,1,信頼がやばすぎて買おうって自然と思った
0,1,心からおめでとうを言いたいですほんとに自分の夢を次から次へと叶えていて憧れでしかないです僕も頑張ります
0,0,心の中という感じ
0,1,新潟のニューミサが混むぞー
1,1,新幹線代往復0万チョイ払ってでもみそる食べに行きたい
0,1,新手の情熱大陸みたいなバラエティかと思った
1,1,深夜に見なきゃよかった美味しそうすぎる味もそうだけどhikakinがラーメンと一緒に色乗り越えてきた想いを聴くと自分もそういう日に食べたいと思った楽しみ初日買います
0,0,神
0,1,辛い事を乗り越えた人だけに娯楽が待ち構えてるんだな
1,1,人気すぎてすぐ完売なるゆですよね買えたら買って食べてみます
1,1,人気出て買えなさそう食べたい
1,1,人気出過ぎて売れ切れなってそうだから早めに買いに行こ
1,0,人工甘味料に驚き
1,1,人工甘味料入ってるからか美味しくない
0,1,人生が変わるときもラーメンを食べてたはエモすぎる
1,1,人生で受けた恩を自分の人生をかけてまた人に与えていくスタイルが本当に素敵
0,1,人生も時間もお金も一切ムダにしない生き方に惚れてしまいます心底ステキですっ
1,1,水筒にお湯いれて学校に持っていって食べようとしたやついたで
0,1,遂に報告来ましたか何かワクワクしちゃう⁠≧⁠⁠≦⁠
1,1,世の中の色んなものを見たり食べたりしてきた人がこれは良いと思って作ったものたち興味あるわ
0,1,世界の紛争を全て根絶しましたとかでもhikakinなら許せる
1,1,是非食べてみたいですhikakinさんがラーメン好きとは嬉しい
1,1,是非食べてみたいヒカキンさんをずっと支えていたラーメンこだわり抜いた一杯を食べて元気を貰えるといいなぁ
1,1,凄くこだわって作ったのもあってめっちゃ美味しそうちなみに白味噌派なので尚更食べたーい開発中大変そうだったけどもヒカキンさんがとてもキラキラしてて少年のようでした長年の夢のひとつの実現おめでとうございます発売を楽しみに待ちたいと思います
1,1,凄く思いの詰まったラーメンに仕上がったと思いますセブンが無くて買いに行けないのが残念ですが出かけた際に買いたいと思います
0,1,凄すぎてもう凄いしか言えなくなっちゃった
1,1,成分公表してほい
1,1,正直かなり楽しみ自分の口に合うかはもちろんわからないけどhikakinさんが思う至高の一杯がどんな味なのかは食べてみたい
1,1,正直ここが僕一番見ていただきたいんですけどっておっしゃってますが自分の好きな人の夢が叶う過程を見せていただけるなんて光栄でしかないから見るに決まってますラーメン見かけたら絶対買います楽しみにしてますね
0,1,正直に言います失望しました
1,1,正直食べたくてしゃーない味噌ラーメンとか王道貫くとこ好きやぞ
1,1,正直値段ほど美味しくはなかったです
0,0,生半可な気持ちでやらないで
1,1,生姜感が強いと感じたのは気のせいですか••
0,0,誠実で好き
0,0,税金対策
0,1,税金対策も兼ねてるのかな
1,1,絶対うまいやん買うか本当におめでとうございます
1,0,絶対かぃますoどっちとも
1,0,絶対にうまいそうに決まってる言うまでもないね
1,1,絶対にどっちも買います休んだ理由がこんなことでよかったですこれからも頑張ってください大好きです
0,1,絶対に行く待ってろよヒカキン
1,1,絶対に買います
1,0,絶対に買う
1,0,絶対手に入れる
1,0,絶対食べたいお腹すいた
1,0,絶対食べなきゃ
1,0,絶対食べます
1,0,絶対食べますね
1,0,絶対食べる
1,0,絶対食べる
1,0,絶対食べる
1,0,絶対食べる
1,0,絶対食べるそうに決まってる
1,1,絶対食べるよ楽しみにしてます
0,1,絶対誰も予想しない結果で草
1,1,絶対買いにいくー
1,1,絶対買いに行きます
1,1,絶対買いに行きます楽しみにしています
1,0,絶対買います
1,0,絶対買います
1,0,絶対買います
1,0,絶対買います
1,0,絶対買います
1,0,絶対買います
1,1,絶対買いますhikakinさんこれからも頑張ってください
1,1,絶対買いますhikakinさん素敵です休んでないですよそれみんなのために頑張ってるとか尊敬です
1,1,絶対買います夢がかなって良かったですね僕までもうれしくなりました
1,0,絶対買う
1,0,絶対買う
1,0,絶対買う
1,0,絶対買う
1,0,絶対買う
1,0,絶対買う
1,1,絶対買うこんなの買わないわけ無いじゃないですかまずヒカキンさんの作ったラーメンってとこで買わないわけ無い
1,1,絶対買うしかないだろー
1,0,絶対買うは
1,0,絶対買う人
1,0,絶対買う人
1,0,絶対買ってやる
1,0,絶対売り切れなってるやろな
1,0,絶対明日食べる
1,1,先日本当に生きているのが辛くなったんですが今日hikakinさんの夢が叶った姿を拝見して凄く元気をもらいましたいつも視聴者を気づかってくださる姿努力し続ける姿尊敬していますどうぞこれからも無理はなさらず楽しさを追い求めて活動してくださいいつもありがとうございます
0,1,前回より明らかに彩度上がってる
1,1,全然売ってないんだけど
1,1,全年齢対象にしてるの流石やな
0,0,素敵すぎる
1,1,素敵ですね食べてみますね
1,1,早くブラジルにも届くといいな
1,0,早く食べたい
1,0,早く食べたい
1,0,早く食べたい
1,0,早く食べたい
1,0,早く食べたいです
1,1,早く食べたい絶対買うぞーっ
1,1,早く食べたい早く発売しないかな
1,1,早く食べたい売り切れで姿形すらない
1,1,早く発売されないかなー早く食べたい
1,0,早く発売してほしい
1,1,早速それぞれ0つずつ買いました人気すぎて売り切ればかりで何店舗も周りました笑
1,1,早速食べました絶妙なバランス美味しかったです0年間試行錯誤された甲斐があったと思いますごちそうさまでした
0,0,送金美味しそう
1,1,増産お願いしますまだ食べられてないです味の好みは人によって違うのでネットでまずいとか言ってるのは気にしないでいろいろ作ってほしい食べられる日を楽しみにしています
0,1,息子と一緒に食べたいと思います
1,1,息子達と食べましたスープめちゃくちゃうまい酒粕の香りがします息子は今まで食べたラーメンで一番うまいと言っていました
1,0,速報田舎売ってない
0,1,尊敬する人物hikakinレーニンゴルバチョフ
1,1,尊敬でしかないめちゃくちゃ努力を感じるし普通にめっちゃ美味しそう私もラーメンものすごく好きなので嬉しすぎます絶対買いに行きますおめでとうございます
1,1,他のyoutuberがやるぼったくりアパレルとかじゃなくて本当に自分がやりたいことを実現できるのは尊敬です゚゚
1,1,他のあじもつくってほしい
1,1,他のラーメンより美味いとかそういう言葉使わないのがやっぱりhikakinって感じがして大好き
1,1,他のラーメン作ればいいと思うな例えばしょうゆきんしおきんとんこつきんとか作ればいいじゃない
0,1,多分思ったより大したことじゃないと予想
1,1,体を休めるための休みも必要だけどだだの休みじゃなくて自分のやりたいことに集中するための休みってかっこいいな
1,1,体質がらラーメン小麦粉が食べられませんがメシも出してくれたなんて心から応援いたします
1,1,体調崩して買いに行けない明後日でも残ってるかな
0,1,待ってこれにこの感想は失礼だと思うけど字うますぎる
1,1,待って今食べてたら蓋当たりあった
1,0,台湾ででもでも買いたい
0,1,大好きなものを磨いていくその姿大人の私も勇気づけられるかっこいい
1,1,大好きなラーメンが作れるくらいビッグな男になったヒカキンさんマジですごい他の商品も当たり前だけどこうやって試作を重ねて作られてるんだなぁと思うとなんだか感動しました絶対食べたい絶対見つけ出して食べます
1,1,大好きなラーメン旅企画が商品開発の伏線だったの嬉しすぎ
1,1,第二弾は天かす入り担麺でたんたんたぬきんなんてどうでしょう笑
0,1,題名変わってて草
0,1,誰がやっても同じだろヒカキンである必要性がない
1,1,誰が買うか
1,1,誰でも手に取れる価格帯ってのもありがたい必ず買って食べますそしてみんなのコンビニ紹介気になりますね
1,1,単純に小麦アレルギーで麺が食べられないからカップ飯あるの嬉しい
1,1,探してるけどマジで無い人気ありすぎ
1,0,誕生日だ絶対買う
1,1,誕生日に発売嬉しいですˎˊ-絶対買うしかない
1,0,値段はいくら
1,1,地元に味噌吟とゆうラーメン屋がある
1,1,中野来たら札幌ラーメン味七上手いから食べてみて味噌ラーメン
1,1,朝一買ってセットで食べましたどちらもすごく美味しかったです味噌ラーメン好きな方には本当におすすめです
1,1,超普通
0,1,長年の努力が色んなところで反映されてるところが本当にすごいと思う
0,1,頂点がこの人で良かったと何度思えばいいんだろうか
0,1,鳥肌とニヤケがとまらんなんかすごい
1,1,通年販売して欲しいです
1,0,店やって欲しい
1,1,店をひらくなら遠すぎてヤバい青森だからだけどコンビニなのがいいしお手頃価格なのがいい
1,1,店員側から出品側もやるなんてすごい
1,1,店舗じゃないところがまたyoutubeの身近さを感じましたなんか泣きそうになったおめでとう
1,1,店舗じゃないのかよ
1,1,店舗じゃなくてカップにした事で気軽にみんな食べられるのがなんかhikakinさんの人柄が表れてるなぁって思いました地方民なので東京でお店構えられても食べられないので食べるのとっても楽しみです
1,1,﻿店舗を作るんじゃなくてそれなりに誰でも手に入れられる商品を作ってくれるところに言葉に上手く出来ない優しさを感じる
1,1,店舗出すより賢いかもしれないスタッフも店舗もなくても成り立つ
1,1,添加物ばかり子どもにあくえいきょうだろ
1,1,田舎はないかと思ったけど全国で嬉しい絶対買う
1,1,努力アピールのゴリ押しで購買意欲を搾取するな結局は味に帰結するだろ
0,1,努力が凄すぎて俺も頑張ろう
1,1,努力が報われる瞬間はまさにこの事なんだろうなヒカキンさんおめでとうございます
0,1,努力は人を裏切らないとはこのことなのか
1,1,東京にラーメン店を開くとかじゃなくて手頃な価格で全国で買えるカップ麵にしたところがヒカキンって感じして好き
1,1,東京に住んでいなくても食べることが出来る名義だけ貸してるとかでもない本気の一品絶対食べます
1,1,東京の店舗だと地方民は食べに行くの大変だけどセブンだったら全国のみんなが気軽に食べられるし0時間いつでも買いに行けるからすごくありがたいですあー早く食べたい
1,1,当たりがでたらもう一個もらえるという機能はどうですか
0,1,当たりでたらせめてtシャツとかあげたら良いのに笑
1,1,同い年で一番尊敬と安心感がある人柄ですラーメン発売おめでとうございます当日買いに行きます
1,1,同じラーメン好きとしてここまでやるhikakinさんを尊敬するラーメンうまいよね
0,1,同じ新潟県民として全力で応援し続けます頑張れhikakin
0,1,同年代でハモネプやってたって思うといつも鳥肌というか感慨深くなりますˇˇ
1,1,徳島のセブンイレブンは仕入れられてないのかな陳列場所も無い
1,1,特別hikakinがすきってわけじゃないわたしでもめちゃくちゃ凄いなって思うしやりたいこと叶えてること尊敬するしもうなんか凄いなって思います語彙
0,1,突然国家転覆やぁりましょうとか言われてもヒカキンさんなら株上がりそう
1,1,豚骨派だけどヒカキンが作ったなら味噌ラーメンも食べたいと思う味噌ラーメンも好きになりそうてかそう思わせてくれるヒカキンのこれまでの努力がすごい
1,1,内容がなんであれ夢を叶えるってのは普通の人ではなかなか成し遂げれないことだからほんとに凄いと思う
1,1,内容ちゃんと見る前はラーメンとカップめしならラーメンがいいかなって思ってたけどこのカップめしめちゃくちゃ美味しそうやな発売日に買いに行こう笑
1,1,熱湯入れたら0分じゃなくて0分待つのかさすがヒカキン全てがオリジナル
1,1,濃厚味噌で香味油白味噌使用麺処くるりが本当に好きだったんだなって分かるわな
1,1,濃厚味噌ラーメンが税込で0円なのなぜかひかきんの優しさ詰まってるような感じがしてすき
1,0,買いたいけど売り切れてそう
1,0,買いにいったけど売り切れだった
1,1,買いに行きます
1,1,買いに行くね美味しそうもし叶うならヒカキンさんが着ているtシャツプレゼントキャンペーンしてくれますか
1,0,買いました
1,1,買いましたすごく美味しかったですラーメン屋のラーメンより美味しかったです≧≦ありがとうございますたくさん食べます
1,0,買いました美味しかったです
1,0,買います
1,0,買いますおいしそう
1,1,買うことができるとは言ってない
1,0,買うね
1,0,買うの恥ずい
1,1,買えたぁ
1,1,買えたぜ
1,0,買えない
1,1,買えない人おいいからもっと売って欲しいです
1,0,買えなかった
1,1,買えなかった負け組に手を差し伸べる必要なんか無いよ
1,0,買った
1,0,買ってくる
1,1,買わない訳が無い
1,0,売ってない
1,1,売ってないし買えないし食べれないし0月まで楽しみに待ちます今度は絶対食べれますように
1,1,売ってないぞー
1,1,売ってないやんけ0店舗まわったのに
1,1,売ってないんだわ
1,0,売ってねぇ売り切れてら
1,0,売り切れだったたべてぇ
1,1,売り切れたら終わりとかじゃ無くどんどん作っていつでも買えるようにしてね
1,0,売り切れちゃったからまた買いたいなー
1,1,売り切れてました店員さんに聞いたら製造はもうないって言ってたので食べられないかも
1,0,売り切れで買えなかったよー
1,0,売り切れ続出しそうだな
1,1,白味噌も入ったベースのニンニクのパンチあるラーメンの味の意味がわかりましたニューミサ僕も大ファンですコレは試してみたい
1,1,白味噌を入れることによってガツンとくる旨味が鈍くなる気がするけどどうなんだろうか早く買って食べたい
0,0,爆笑
1,1,発売おめでとうございます食べるの楽しみです
1,1,発売おめでとうございます早速購入させていただきましたところ息子が当たりマークを出しました大きなご利益がありそうです
1,1,発売が楽しみすぎて毎日見てます見れば見るほど美味しそう
1,1,発売されたら即食べたい
1,1,発売したら食べたいですねでもすぐに売りきれそう
1,1,発売決定おめでとうございます0月0の発売日に0つとも買いますこれからも応援してます頑張ってください
1,0,発売待ち遠しい
1,1,発売日0日から0日に変わってるんだけど
1,1,発売日から毎日セブンを巡っていますがまだ買えていません勇気を振り絞って店員さんに次いつ入荷するか聞いてみたら今後入荷予定はありませんと言われてしまいました再販されないのでしょうか食べたかったです泣
1,0,発売日に絶対買う
0,1,発売日へずまの誕生日なんだが
0,1,発表するまで0分もかからないの流石ヒカキンって感じして好き
1,1,半額なら買います
0,1,半年後とかにスプラトゥーンのフェスで味噌ラーメン派対味噌メシ派の戦いあると思ってだけど今のスプラトゥーンフェスの選択肢三択なの萎える
1,1,疲れてるからとかじゃなくて報告準備に集中するために休むといういつも視聴者思いのヒカキンさんならどんな報告でも応援できます
1,0,美味かったです
1,0,美味かったです
1,0,美味しかった
1,0,美味しかったです
1,0,美味しかったです
0,0,美味しかったです
1,0,美味しかったですありがとうございます
1,0,美味しかったですー
1,1,美味しかったです次の新商品待ってます
1,0,美味しかったヒカキンさん最高
1,0,美味しくなさそう買うけど
1,0,美味しすぎた
1,0,美味しそう
1,0,美味しそう
1,0,美味しそう
1,0,美味しそう
1,0,美味しそう
1,0,美味しそう
1,0,美味しそう
1,1,美味しそうだねえ食うまでもない
1,0,美味しそうですね
1,1,美味しそうですね発売が楽しみです
1,1,美味しそうやばあ夜の0時食テロすぎぜったいたべる
1,1,美味しそう自分の作品にこんなに自信もてるのかっこいい早く食べたいなあ
1,0,美味しそう食いてぇー
1,0,美味しそう食べたい
1,0,美味しそう食べたい
1,0,美味しそう絶対食べます
1,0,美味しそう発売日楽しみです
1,0,美味しそー
1,0,美味そう
1,0,美味そう
1,1,美味そうー絶対買います
1,0,美味そうだなぁそうに決まってる
1,0,必ず買います美味しそう
0,1,百万円くださいちなみに場所はまるまたしょうてす
1,1,品切れしまくってる未来が容易に想像できる笑
1,0,不味すぎ0からやり直せ
1,1,不味すぎ返金しろ
1,0,普通でした
1,0,普通でした
0,1,普通にいい話なんだけど恩師を紹介するかのようなテンションでラーメンについて語ってるのなかなかにシュールで笑った
0,1,普通に習字上手い笑
1,0,普通に食おう
1,1,普通に買うわ
1,0,普通に美味かった
1,0,普通に美味かった
1,0,普通に美味しそう
1,1,普通に美味しそうだし一般市民に気軽に手に入りやすくて凄くありがたいです買いますね
1,0,普通に美味そう
1,1,普通の味でした不味く無いけど美味しくもなかった0円じゃ無く0円の味だろコレガッカリ
1,1,普通の味高い買わない方が良い
0,1,父に0年育ててたアロエ捨てられてショックだったけどなんか元気出た
0,0,復活おめでとうございます最高
1,1,復帰は0日か0日って言ってたけど早い方にしてくれたのはありがたすぎますご報告楽しみです追記報告見ました発売日gじゃないのと平日ってのがまたいいですね欲しすぎる
1,1,服とかコスメじゃなくてラーメン出すの好き
1,1,服とかじゃなくてラーメンってのがhikakinらしくて好き
1,1,服とかじゃなくてラーメン売るのは本当に好きだわ
1,1,服とかじゃ無くてラーメンなのほんとに好き流石hikakin
1,1,服とか鞄とかじゃなくてラーメンってのが個人的に最高
0,0,聞く前から嬉しくてドキドキする
1,1,別にヒカキンさんファンではないけどこの人の努力凄いと思うあと普通にラーメンうまそう
1,1,偏見だけどさこういう体型の人が作ったものって美味くない
1,1,変なアパレル系に走る奴も多い中ラーメンで勝負を仕掛けるってのは素晴らしい
1,1,母親が買ってくれたので夕飯にお惣菜と一緒にいただきます
0,1,報告が楽しみな人
0,1,報告長すぎて校長先生かと思っちゃった
1,1,防災用で0年くらい持つ長期保存版も欲しいです災害時に食べれたら心が和むでしょう
0,1,僕にも下さい
0,1,僕の夢は記憶がある時に東京に行く事でしたヒカキンと共に夢を叶えられて嬉しいです
1,1,僕もラーメン大好きです僕もラーメン作ってみたいなあ田舎なので買えないですけど旅行行った時買いますね
1,1,僕らに出来る最大の応援は買って美味しく食べるこれに尽きると思ってます絶対食べます
1,1,僕買いました
1,1,本気で何かに取り組み頑張っている方のその夢が叶った瞬間っていいなあ前向きな気持ちをありがとうございますまだ出会えていない早く食べたいあわよくば招き猫キンにも会いたい
0,1,本気度が伝わってくる
0,1,本当にhikakinさんは聖人だなたとえ0週間休んだとしても視聴者の事を考えていて本当に尊敬するわ
1,1,本当におめでとうございます元気出したい時にたべよっと
1,1,本当におめでとうございます本当においしそうにすすりますねごはんもとっても美味しそうです
1,1,本当におめでとう夢を叶えられて本当に良かったね楽しみにしてます
1,0,本当にこだわりを感じる
0,1,本当にこの人youtubeで自分の夢全部叶えるんじゃないかなずっと応援するけども
1,1,本当にこの人は努力が凄いな
0,1,本当にこの人尊敬する
0,1,本当にすごいひかきんは嫌味なところが全くなくてすごく好きです
0,1,本当にどこまで人を笑顔にすれば気が済むんだかヒカキンさんは
0,1,本当にヒカキンさんはthe努力って感じがする
1,1,本当に楽しみです絶対食べます
1,1,本当に楽しみにしてますカートンで買いたいです
0,1,本当に向上心が止まらないなこの人は
0,1,本当に幸せそうな人を見るのってこっちまで幸せな気持ちになるからいいよなぁ
0,1,本当に今までずっとみていたのできっとhikakinさんならみんなをワクワクさせるご報告なのかな
0,1,本当に心からおめでとうと伝えたいヒカキンはほんと凄い
0,1,本当に真面目な方やな尊敬するわ
1,1,本当に凄い努力の賜物ですね
0,1,本当に尊敬する自分もヒカキンさんみたいな素晴らしい人間になるために色んなこと一生懸命頑張りたいです
1,1,本当に努力してみんなを明るく元気にさせるラーメンにしたいっていう気持ちがすごい伝わった
1,1,本当に努力の塊でしかないhikakinさんが頂点で本当によかったぁ
1,0,本当に美味しかったです
0,1,本当の予想外すぎて困惑しながら普通に嬉しい俺がいる
1,1,本日頂きましたとても美味しかったです
1,1,味もこだわってそうちゃんと美味しそうなので期待
0,1,味噌キンぬいぐるみはどこでgetできますか
1,1,味噌だからって安直にコーン放り込んでないヒカキン信用できる食べたい
1,1,味噌ってのがいいですね食べてみます次あれば豚骨も期待してます
1,1,味噌の甘味を人工甘味料で出そうと思ったら大間違いですぞ
1,1,味噌メシの方が圧倒的に美味しかったなー
1,1,味噌も好きだけど塩キンと醤油キンも出してほしい
1,1,味噌ラーメンあまり好きじゃないが見かけたら0食食べてみます
1,1,味噌ラーメンからもやしメンマネギ赤い調味油って感じがくるり意識してそうで好き
1,1,味噌ラーメンが一番好きだから嬉しい
1,1,味噌ラーメンで良かった他の味だと食べないので食べてみます
1,1,味噌ラーメンは普段あまり食べませんが流石に買わずにはいられません0日セブンに走ります
1,1,味噌ラーメン苦手だけど食べて見る価値あるかなぁ
1,1,味噌ラーメン苦手なので醤油か塩も作って下さい
1,1,味噌ラーメン好きだから食べてみたい
1,1,味噌ラーメン好きとしてとても気になる絶対買う味噌派閥にも嗜好が違う事があるからhikakinさんがどんな味が好きなのか楽しみ
1,1,味噌ラーメン好きなので見かけたら絶対買います
1,1,味噌ラーメン自体が好きすぎるし絶対買うめっちゃ楽しみ
1,0,味噌ラーメン大好きだから嬉しいー
1,1,味噌ラーメン大好きだし大好きなhikakinが作ったラーメンなのが最高
1,1,味噌ラーメン大好きなので楽しみです
1,1,味噌ラーメン味のカップ飯は売ってないからめちゃくちゃ嬉しいです絶対買います
1,0,味噌菌食べたけどまずいまずいまずいまずいまずいまずいまずいまずいまずいまずいまずいまずいまずいまずいまずいまずいまずいまずいまずいまずいまずいまずいまずいまずいまずいまずいまずいまずいまずいまずいまずいまずいまずいまずいまずいまずいまずいまずいまずいまずいまずいまずいまずいまずいまずいまずいまずいまずいまずいまずいまずいまずいまずいまずいまずいまずいまずいまずいまずいまずいまずいまずいまずいまずいまずいまずいまずいまずいまずいまずいまずいまずいまずいまずいまずいまずいまずいまずいまずいまずいまずいまずいまずいまずいまずいまずいまずいまずいまずいまずいまずいまずいまずいまずいまずいまずいまずいまずいまずいまずいまずいまずいまずいまずいまずいまずいまずいまずいまずいまずいまずいまずいまずいまずいまずいまずいまずいまずいまずいまずいまずいまずいまずいまずいまずいまずいまずいまずいまずいまずいまずいまずいまずいまずいまずいまずいまずいまずいまずいまずいまずいまずいまずいまずいまずいまずいまずいまずいまずいまずいまずいまずいまずいまずいまずいまずいまずいまずいまずいまずいまずいまずいまずいまずいまずいまずいまずいまずいまずいまずいまずいまずいまずいまずいまずいまずいまずいまずいまずいまずいまずいまずいまずいまずいまずいまずいまずいまずいまずいまずいまずいまずいまずいまずいまずいまずいまずいまずいまずいまずいまずいまずいまずいまずいまずいまずいまずいまずいまずいまずいまずいまずいまずいまずいまずいまずいまずいまずいまずいまずいまずいまずいまずいまずいまずいまずいまずいまずいまずいまずいまずいまずいまずいまずいまずいまずいまずいまずいまずいまずいまずいまずいまずいまずいまずい
1,1,味噌味以外も出してほしい
1,1,味普通やんサッポロラーメンのほうがうまいわ
1,1,密着映像見てすごくこだわったのが伝わってきてラーメンの中で味噌ラーメンはあまり食べないけど食べてみたいと思った
1,1,夢があってもなかなか叶えられないことが多い中それが叶うだけでも凄いですそれだけでも感動です本当に夢を叶えることが出来て良かったですねおめでとうございます
0,1,夢がついにだなおめでとうヒカキン
0,0,夢かなえる凄い
1,1,夢が叶えられて凄いこの努力は見習わねば
0,1,夢が叶ってすごく良かったですね私たちも夢を諦めずに頑張りたいと思います
1,1,夢が叶って嬉しそうなヒカキンを見てるだけでこっちは嬉しいよよかったねーラーメンもご飯も絶対買う
0,1,夢が埋まってる鉱山をみんな掘っててでもいつ発掘できるかわかんないから途中で諦めたり投げ出したりするけど踏ん張った先には自分自身を支えてくれた夢に辿り着けるって思えましたhikakinさん夢実現おめでとうございます
0,1,夢って叶うのね
1,1,夢に向かって進んで行く姿に感動しました
0,0,夢に本気になれる聖人youtuberの鑑
1,1,夢の実現おめでとうございます伝えたいことが箇条書きなのがわかりやすく誠実でラーメン屋っぽくもある
1,1,夢の味買います
1,1,夢はいくらでもあるけどそれを叶えれたっていうのが本当に凄いことだと心から思う
0,1,夢ビートボクサーじゃないのか
1,1,夢をちゃんといつも叶えていくのがかっこいいおめでとうございます
0,1,夢を叶えたhikakinさん素敵です
1,1,夢を叶えたいことを叶えるhikakinさん本当に凄い息子もラーメン大好きなので発売されたら即購入して食べますね
1,1,夢を叶えようと努力して叶えるってすごいことだと思う
1,1,夢を叶えられた事おめでとうございます素晴らしい発売したら絶対買いに行っちゃいますスバラシイ
1,1,夢を叶えられて良かったですねおめでとうございます諦めなければ夢は叶うセブンで出会ったら買います
0,1,夢を叶えられるってこんなに幸せなんやなー
1,1,夢を叶えられるって凄い事だな自分の好きな食べ物を商品として出せるなんて凄い
0,1,夢を叶えることも凄いけど夢が叶う方の瞬間を共にできることは一視聴者としてとても喜ばしいです
0,1,夢を叶えるその力凄すぎです尊敬
1,1,夢を叶えるためにyoutube活動で忙しい中でもこだわり抜いて商品開発をしてたというヒカキンさんの裏側を見てると本当に勇気を貰える
1,1,夢を叶えるために頑張ってきたことが本当に素晴らしいです
1,1,夢を叶えるために発表の映像も本気で作るの流石youtubeの神
0,1,夢を叶えるって素晴らしいおめでとうヒカキン
0,1,夢を叶えるって素晴らしいなーなんかヒカキンさん見てると明るい気持ちになる
1,1,夢を叶えるって本当にすごいことだよね自分がずっとやりたかったことをできたヒカキンを心から尊敬するわ
1,1,夢を叶えるの裏にはとんでもない努力があることを改めて知れる
0,1,夢を叶える人って裏で相当苦労してるのが垣間見える本当にすごい
1,1,夢を見るのは簡単だけど夢を叶えるのは難しいでもそれを叶えたhikakinさんは凄すぎる
0,1,夢を現実にするのカッコいい
0,1,夢を持つ事楽しさも夢を叶える楽しさも自ら体験して映像化してくれるhikakinさんは本当に尊敬しますこれからも応援してます
0,1,夢を実現させることができるなんてすごい
1,1,夢を実現することはとても難しい事を叶えるってすごいと思いました0月0日コンビニで探します
0,1,夢を追い続ける大切さを改めて感じた
0,1,夢を諦めないこそ人生
0,1,夢を本気で叶えた姿めっちゃかっこいい
0,0,夢叶うってめちゃくちゃいいことだね
1,1,夢叶ったというより叶えたの凄い買います楽しみ
1,1,夢実現おめでとうございます味噌ラーメン大好きなんです絶対食べます
1,0,無いからまた売れや
1,1,無事に買えた結構残ってたので友達と買った0人で喜んだ
0,1,矛盾がいま話題になってますねyoutuberやってなかった時の件
1,1,明日から発売ですけどちゃんと手に入るかなーすぐ売り切れてたりして
0,0,明日やー
0,1,明日買いに行く人
1,0,明日発売
0,0,面白い
0,0,面白いですね
1,1,麺の硬さが気になって
1,1,麺は普通スープはまあ頑張ってるけど返金してほしい
1,1,蒙古タンメンがライバルかな辛いバージョンも出して下さい
1,0,蒙古タンメン買おう
0,0,蒙古タンメン買おっと
0,1,目標を達成するために必死に頑張る人って応援したくなるよな
0,0,戻ってきた
0,1,戻って来てくれてありがとう
1,1,友達と今度買いに行くらしいので俺も買う
1,1,予想外だったけどこれは絶対買う
0,0,幼なじみyoutuberhikakinさんマスオさん
1,0,容器だけで0円しそう
1,1,様なバラエティーヌードルも期待してます
1,1,翌日にはもう売り切れってこの企画は大失敗だと思う
0,1,頼む復活にしてくれ皆あなたを待ってるんだよ
1,1,両方とも食べました美味しかったです
1,1,両方とも買えました
1,1,両方とも必ず購入しますっ発売日が楽しみ
1,1,両方食べました最高に美味い箱買いしました
1,1,両方買いましたカップ飯美味しすぎてリピート確定です明日はラーメンの方も食べてみます
0,1,涙出そうになりました
0,0,禊ん
